xxxx;;;;;;;;;;;;;;x
YES;碛;Oui;Ja;;S?;;;;;;;;x,
NO;o;Non;Nein;;No;;;;;;;;;x,
MODIFIER_NAVAL_CAPACITY;海基地容量;Capacit?de la base navale;Flottenstzpunkt-Kapazit酹;;Capacidad de base naval;;;;;;;;;x,
MODIFIER_AIR_CAPACITY;空基地容量;Capacit?de la base a廨ienne;Luftwaffenstzpunkt-Kapazit酹;;Capacidad de base a廨ea;;;;;;;;;x,
MODIFIER_ALIGN_TOWARDS;外交影;Aligner vers;Ausrichten nach;;Alinear hacia;;;;;;;;;x,
MODIFIER_RADAR_LEVEL;雷_站等;Niveau radar;Radarstufe;;Nivel de radar;;;;;;;;;x,
INTEL_NONE;]有情(0);Aucun rens;Keine AufklTung;;Sin inteligencia;;;;;;;;;x,
INTEL_STRUCTURES;基本情(1);Rens ?;Einfache AufklTung;;Inteligencia bica;;;;;;;;;x,
INTEL_UNITS;基本情螅未知兵力的(2);Rens ?, divisions dont la puissance est inconnue;Einfache AufklTung, Divisionen unbekannter StTke;;Int. bica, divisiones de fuerza desconocida;;;;;;;;;x
INTEL_2;情蟮燃2;Rens niv. 2;AufklTungsstufe 2;;Nivel Int. 2;;;;;;;;;x,
INTEL_3;情蟮燃3;Rens niv. 3;AufklTungsstufe 3;;Nivel Int. 3;;;;;;;;;x,
INTEL_4;情蟮燃4;Rens niv. 4;AufklTungsstufe 4;;Nivel Int. 4;;;;;;;;;x,
INTEL_5;情蟮燃5;Rens niv. 5;AufklTungsstufe 5;;Nivel Int. 5;;;;;;;;;x,
INTEL_6;情蟮燃6;Rens niv. 6;AufklTungsstufe 6;;Nivel Int. 6;;;;;;;;;x,
INTEL_7;情蟮燃7;Rens niv. 7;AufklTungsstufe 7;;Nivel Int. 7;;;;;;;;;x,
MAX_INTEL_LEVEL;全部情(9);Rens complets;Volle AufklTung;;Int. completa;;;;;;;;;x,
April;四月 ;Avril;April;Kwiecie?Abril;Aprile;rilis;Duben;;;;;;x
August;八月 ;Ao婿;August;Sierpie?Agosto;Agosto;Augusztus;Srpen;;;;;;x
December;十二月 ;DOembre;Dezember;Grudzie?Diciembre;Dicembre;December;Prosinec;;;;;;x
February;二月 ;F憝rier;Februar;Luty;Febrero;Febbraio;Febru嫫;Yor;;;;;;x
Friday;星期五 ;Vendredi;Freitag;Pt;Viernes;Venerd?Ptek;Pek;;;;;;x
January;一月 ;Janvier;Januar;Stycze?Enero;Gennaio;Janu嫫;Leden;;;;;;x
July;七月 ;Juillet;Juli;Lipiec;Julio;Luglio;J莞ius;пrvenec;;;;;;x
June;六月 ;Juin;Juni;Czerwiec;Junio;Giugno;Jius;пrven;;;;;;x
March;三月 ;Mars;MTz;Marzec;Marzo;Marzo;M嫫cius;Bzen;;;;;;x
May;五月 ;Mai;Mai;Maj;Mayo;Maggio;M[us;KvIen;;;;;;x
Monday;星期一 ;Lundi;Montag;Pn;Lunes;Luned?Hf?Pondd?;;;;;x
November;十一月 ;Novembre;November;Listopad;Noviembre;Novembre;November;Listopad;;;;;;x
October;十月 ;Octobre;Oktober;Pa兜ziernik;Octubre;Ottobre;OktAer;jen;;;;;;x
Saturday;星期六 ;Samedi;Samstag;So;Sado;Sabato;Szombat;Sobota;;;;;;x
September;九月 ;Septembre;September;Wrzesie?Septiembre;Settembre;September;Z?;;;;;x
Sunday;星期日 ;Dimanche;Sonntag;Nd;Domingo;Domenica;Vas嫫nap;Nedde;;;;;;x
Thursday;星期四 ;Jeudi;Donnerstag;Cz;Jueves;Gioved?Cs忸tY;юvrtek;;;;;;x,,,,,,,,
Tuesday;星期二 ;Mardi;Dienstag;Wt;Martes;Marted?Kedd;ner?;;;;;x,,,,,,,,
Wednesday;星期三 ;Mercredi;Mittwoch;N;Mi廨coles;Mercoled?Szerda;Stda;;;;;;x,,,,,,,,
GAIN;@得 ;Gain;Erhalten;Zyskujesz;Ganancia;+;NyeresQ;Zisk;;;;;;x,,,,,,,,
LOSE;失去 ;Perte;Verlieren;Tracisz;P廨dida;-;VesztesQ;Ztra;;;;;;x,,,,,,,,
SM_COUNTERS;使用兵牌D ;Utiliser les pions;;;Usar fichas;;;;;;;;;x,,,,,,,,
NO_COMMANDER;(]有指]官) ;(Aucun commandant);(Kein Befehlshaber);(Brak dowKcy);(Sin comandante);(senza comandante);(Nincs parancsnok);(Bez velitele);;;;;;x,,,,,,,,
MORALE;士;Moral;Moral;Morale;Moral;Morale;Mor;Morka;;;;;;x,,,,,,,,
Owned by $owner$, but currently occupied by $control$;碛姓呤$owner$，但目前被$control$最I;Propi?de $owner$, mais actuellement sous occupation de $control$;Eigentum von $owner$, aber momentan von $control$ besetzt;Nale篡 do $owner$, ale aktualnie jest okupowana przez $control$.;Owned by $owner$, but currently occupied by $control$;Posseduto da: $owner$, ma attualmente occupato da: $control$;$owner$ tulajdona, de jelenleg $control$ birtokolja;Ne $owner$, v souWsnosti okupovo $control$;;;;;;x
Owned by $owner$.;碛姓呤$owner$。;Propi?de  $owner$.;Eigentum von $owner$;Nale篡 do $owner$.;Owned by $owner$.;Posseduto da: $owner$.;$owner$ a tulajdonosa.;Ne $owner$.;;;;;;x,,,,,,,,
CATEGORY;($TYPE$)\n;($TYPE$)\n;($TYPE$)\n;($TYPE$)\n;($TYPE$)\n;($TYPE$)\n;($TYPE$)\n;($TYPE$)\n;;;;;;x,,,,,,,,
ATTRITION_WEIGHT;挝恢亓Y$VALUE$W。;Le poids de l'unit?est de 即$VALUE$劬;Das Einheitengewicht betrht 即$VALUE$劬;Ciear jednostki wynosi: 即$VALUE$劬;El peso de la unidad es 即$VALUE$劬;Il peso delle unit??即$VALUE$劬;Az egysQ s莞ya: 即$VALUE$劬;Hmotnost jednotky je 即$VALUE$劬;;;;;;x,,,,,,,,
ATTRITION_MAX;此地^最高p耗Y$VALUE$W。;Un maximum de 即$VALUE$劬 pour cent ?cet endroit.;Maximal 即$VALUE$劬 Prozent an diesem Ort.;Maksymalnie 即$VALUE$劬 procent w tym miejscu.;Mimo de 即$VALUE$劬 por ciento en esta ubicaci_.;Un massimo del 即$VALUE$劬 percento in questa posizione.;Maximum 即$VALUE$劬 szal lehet ezen a helyen.;Maximum z 即$VALUE$劬 procent na to lokaci.;;;;;;x,,,,,,,,
NO_LEADER;(]有㈩I);(aucun leader);(kein Anfrer);(brak dowKcy);(sin ler);(nessun condottiero);(nincs vezet?;(bez velitele);;;;;;x,,,,,,,,
CV_RULEDBY;由$NAME$y治;gouvern?par $NAME$;Regiert von $NAME$;rzzona przez $NAME$;gobernado por $NAME$;governato da $NAME$;Az uralkod|a: $NAME$;pod vlwou $NAME$;;;;;;x,,,,,,,,
AND;和 ;et ;und ;i ;y ;e ; X ;a;;;;;;x,,,,,,,,
OR;或 ;ou;oder;lub;o;o; vagy ;nebo;;;;;;x,,,,
BUILD_COST;建造消耗;Co婿 de construction;Baukosten;Koszt budowy;Coste de construcci_;Costi di costruzione;眈Xi kXtsQ;N嫜lady na vtavbu;;;;;;x,,,,
LOCAL_REVOLT_RISK;地^叛yLU ;Risque de r憝olte locale;Risiko lokaler Revolten;Ryzyko lokalnego buntu;Riesgo de revuelta local;Rischio di rivolta locale;Helyi zendX kockata;Riziko lokn?revolty;;;;;;x,,,,
GLOBAL_REVOLT_RISK;全叛yLU ;Risque de r憝olte nationale;Risiko nationaler Revolten;Ryzyko buntu narodowego;Riesgo de revuelta nacional;Rischio di rivolta nazionale;Nemzeti zendX kockata;Riziko n嫫odn?revolty;;;;;;x,,,,
MANPOWER;人力增L ;Augmentation de la main-d'vre;MannstTke-Anstieg;Wzrost si造 ludzkiej;Aumento de rec. hum.;Incremento del potenziale di reclutamento;Munkaer?Vzrt lidskh zdroj?;;;;;x,,,,
LOCAL_MANPOWER;地人力修正 ;Modificateur de la main-d'vre locale;Lokaler MannstTke-Modifikator;Modyfikator lokalnej si造 ludzkiej;Modificador local a los rec. hum.;Modificatore del potenziale di reclutamento locale;Helyi munkaer?mKos癃?Modifikor mtnAh lidskh zdroj?;;;;;x,,,,
GLOBAL_MANPOWER;全人力修正 ;Modificateur de la main-d'vre nationale;Nationaler MannstTke-Modifikator;Modyfikator og鏊nej si造 ludzkiej;Modificador nacional a los rec. hum.;Modificatore del potenziale di reclutamento nazionale;Nemzeti munkaer?mKos癃?Modifikor n嫫odnAh lidskh zdroj?;;;;;x,,,,
ATTRITION;p耗 ;Attrition;Verlustquote;Zu篡cie;El desgaste;Logoramento;ElhasznK;Vyhlazov?;;;;;x,,,,
MAX_ATTRITION;最大p耗 ;Attrition maximale;Maximale Verlustquote;Maksymalne zu篡cie;Desgaste mimo;Logoramento massimo;Maximis elhasznK;Maximn?vyhlazov?;;;;;x,,,,
SUPPLY_LIMIT;ao ;Limite en ravitaillement;Nachschublimit;Limit zapasQ;L`ite suministros;Limite di fornitura;KXzlethat嫫;Limit dodek;;;;;;x,,,,
WAR_EXHAUSTION;每月鸲 ;uisement de guerre mensuel;Monatliche Kriegsm?igkeit;MiesiWzne wyczerpanie wojn?Agotamiento bico mensual;Esaurimento di guerra mensile;Hor kimertsQ;MDn?vyWrp?vkou;;;;;;x,,,,
MAX_WAR_EXHAUSTION;最大鸲 ;uisement de guerre maximum;Max. Kriegsm?igkeit;Maksymalne wyczerpanie wojn?Agotamiento bico mimo;Esaurimento di guerra massimo;Maximis hor kimertsQ;Maximn?vyWrp?vkou;;;;;;x,,,,
FORT_LEVEL;要塞等 ;Niveau du fort;Fort-Stufe;Poziom fortyfikacji;Nivel de fortificaci_;Livello fortezza;Ern szint;oove?opevn?;;;;;x,,,,
BACK_TO_MAIN;返回到主界面。 ;Revenir ?l'interface principale;Zum Hauptbildschirm zurkkehren..;PowrD do gwnego interfejsu.;Volver a la interfaz principal.;Tornare all'interfaccia principale.;Vissza a f?felethez.;Nrat do hlavn?nabky.;;;;;;x,,,,
ALLREADYTHERE;@座建B已完成。 ;Ce boiment a dS??construit.;Dieses GebSde ist schon im Bau.;Ten budynek ju?zosta?zbudowany.;Este edificio ya est?construido.;Questo edificio gi??stato costruito.;Ez az Zet m嫫 kXzen van.;Tato budova u?je ve vtab?;;;;;;x,,,,
NOTECH;我的Y$TABLE$W必_到Y$LVL$W才能^m建造。 ;Nous devons atteindre le niveau 即$LVL$劬 de 即$TABLE$劬 avant de pouvoir construire ce boiment.;Wir m惰sen Stufe 即$LVL$劬 in 即$TABLE$劬 erreichen, bevor wir dies bauen kPnen.;Zanim zbudujesz ten obiekt, musisz osiTn寞 poziom technologiczny 即$LVL$劬 w 即$TABLE$劬.;Tenemos que alcanzar el nivel 即$LVL$劬 en 即$TABLE$劬 antes de construir esto.;Dobbiamo raggiungere il livello 即$LVL$劬 in 即$TABLE$劬 prima di costruire questo edificio.;Csak akkor tudod ezt megZ癃eni, ha m嫫 el廨ted a 即$LVL$劬 szintet a ketkezv: 即$TABLE$劬 .;Ne?budeme moci zah[it tuto stavbu, mus`e dosnout ovn?即$LVL$劬 v 即$TABLE$劬;;;;;;x
REQ;您不能建造@O施除非已建造了 ;Vous ne pouvez pas construire ceci sans avoir construit le premier boiment;Sie kPnen dies nicht bauen ohne;Najpierw trzeba zbudowa?inny budynek;No puedes construir esto sin construir primero;Non puoi costruire questo senza prima costruire:;Az els?Zet nk ezt nem tudod megZ癃eni.;Tuto stavbu nelze postavit, ani?byste napd nevybudovali;;;;;;x,,,
NOTBUILD;@座建OB物不能建在@Y。 ;Ce boiment ne peut Ore construit ici.;Dieses GebSde kann hier nicht gebaut werden.;Tego budynku nie moea tu zbudowa?;No puedes construir este edificio aqu?;Non ?possibile costruire questo edificio qui.;Ezt az Zetet ide nem Z癃heted meg.;Tuto stavbu zde nelze postavit.;;;;;;x,,,,
ISBLOCKED;不能重}建B ;Vous ne pouvez pas construire ce boiment si vous l'avez dS?construit;Sie kPnen dies nicht bauen, denn Sie bauten schon;Nie mo瞠sz zbudowa?tego budynku, je?i zbudowa?ju?No puedes construir esto si ya has construido;Non puoi costruire questo edificio se hai gi?costruito;Nem tudod ezt megZ癃eni, ha m嫫 rendelkezel ilyennel.;Tuto stavbu nelze postavit, pokud u?jste postavili;;;;;;x
CONFIRMBUILDTITLE;_J建造。 ;Confirmer la construction.;Bau best酹igen;Potwierd?budow?;Confirmar construcci_.;Confermare la costruzione.;眈X elfogada.;Potvrdit stavbu.;;;;;;x,,,,
CONFIRMBUILDTEXT;您_定要建造？ ;}es-vous certain de vouloir construire ?;Sind Sie sicher mit dem Bau von;Na pewno chcesz zbudowa?Ceguro que quieres construir?;Sei certo di voler costruire:;Biztos vagy benne, hogy Z癃eni szeretn?;Skutes?chcete postavit;;;;;;x,,,
ONGOINGBUILD;一建B目前正在M行中。 ;Une construction est actuellement en cours.;Ein Bau ist derzeit im Gange.;Budowa w toku.;Una construcci_ se encuentra actualmente en progreso.;Una costruzione ?attualmente in corso.;Az Z癃my jelenleg Z癃X alatt l.;Vtavba probc?;;;;;;x,,,,
NOT_IN_CAPITAL;$BUILDING$只能在首都建造。 ;$BUILDING$ peut uniquement Ore construit dans une capitale.;Dies kann nur in einer Hauptstadt gebaut werden.;Ten obiekt moea zbudowa?wy章cznie w stolicy.;$BUILDING$ solo puede construirse en una capital.;Pu?essere costruito solo in una capitale.;Ezt csak egy fm嫫osban tudod megZ癃eni.;$BUILDING$ lze postavit pouze v hlavn` mDt?;;;;;;x,,,,
NOT_IN_PORT;$BUILDING$只能在港口建造。 ;$BUILDING$ peut uniquement Ore construit dans un port.;Dies kann nur in einem Hafen gebaut werden;Ten obiekt moea zbudowa?wy章cznie w porcie.;$BUILDING$ solo puede construirse en un puerto.;Pu?essere costruito solo in un porto.;Ezt csak egy kikj~en tudod megZ癃eni.;$BUILDING$ lze postavit pouze v p|stavu.;;;;;;x,,,,
COST;消耗：Y$AMOUNT$W金X\n建造rg：Y$TIME$W天;Co婿 : 即$AMOUNT$劬 Ducats \nDurI de construction : 即$TIME$劬 jours;Kosten: 即$AMOUNT$劬 Dukaten \nBauzeit: 即$TIME$劬 Tage;Koszt: 即$AMOUNT$劬 dukatQ \nCzas budowy: 即$TIME$劬 dni;Coste: 即$AMOUNT$劬 Ducados \nTiempo de construcci_: 即$TIME$劬 dVs;Costo: 即$AMOUNT$劬 ducati \nTempo di costruzione: 即$TIME$劬 giorni;KXtsQ: 即$AMOUNT$劬 duk \n 眈Xi id? 即$TIME$劬 nap;Cena: 即$AMOUNT$劬 duk?\nDka vtavby: 即$TIME$劬 dn?;;;;;x,,,,
PROVINCE_OCCUPIED;@省份正被最I。 ;Cette province est occupI.;Diese Provinz ist besetzt.;Ta prowincja jest okupowana.;Esta provincia est?ocupada.;Questa provincia ?occupata.;Ez a tartomy el van foglalva.;Tato provincie je okupova.;;;;;;x,,,,
ATWARWITHUS;他和我正於。 ;Ils sont en guerre avec nous.;Sie befinden sich im Krieg mit uns.;S?z nami w stanie wojny.;Est en guerra con nosotros.;Sono in guerra con noi.;碰 horan lnak velk.;Jsou s ni ve ves stavu.;;;;;;x,,,,
ALLIEDWITHTHEM;我c他是同盟。 ;Nous sommes alliX ?eux.;Wir sind mit ihnen verbdet.;Mamy z nimi sojusz.;Estamos aliados con ellos.;Siamo loro alleati.;碰 a szetsQeseink.;Jsme jejich spojenci.;;;;;;x,,,,
WEGUARANTEED;我保C他的立。 ;Nous garantissons leur indZendance.;Wir garantieren ihre Unabh|gigkeit.;Gwarantujemy ich niepodleg@?.;Garantizamos su independencia.;Stiamo garantendo la loro indipendenza.;Garantjuk a fgetlensQ`et.;Garantujeme jejich nezislost.;;;;;;x,,,,
THEYGUARANTING;他保C我的立。 ;Ils garantissent notre indZendance.;Sie garantieren unsere Unabh|gigkeit.;Gwarantuj?nasz?niepodleg@?.;Garantizan nuestra independencia.;Stanno garantendo la nostra indipendenza.;Garantj嫜 a a fgetlensQket.;Garantuj?na@ nezislost.;;;;;;x,,,,
NEUTRAL;我λ保C中立。;Nous sommes neutres vis-?vis d'eux.;Wir sind ihnen gegener neutral.;Jestely w stosunku do nich neutralni.;Somos neutrales con ellos.;Siamo neutrali nei loro confronti.;Semlegesek vagyunk az iryukban.;Jsme vYi nim neutrn?;;;;;;x,,,,
RELATION;目前的PS： $RELATION$ ;Relation actuelle : $RELATION$;Momentane Beziehung: $RELATION$;Aktualne stosunki: $RELATION$;Relaci_ actual: $RELATION$;Relazione attuale: $RELATION$;Jelenlegi viszony: $RELATION$;Aktun?vztah: $RELATION$;;;;;;x,,,,
SUBJECT;我是受支配的家，@不取Q於我。 ;Nous sommes une nation inf[dI. Cela n'est pas de notre ressort.;Wir sind ein Vasallenstaat. Das liegt nicht in unserer Hand.;Jestely krajem podleg造m.;Somos un pa vasallo. No nos corresponde.;Siamo un paese suddito. Non dipende da noi.;Mi egy al嫫endelt orsz vagyunk. Ez nem t[k fg.;My jsme ciovou zem? Na n to nen?;;;;;;x,,
NODIPLOMATS;您]有外交官可供派遣。 ;Vous ne disposez pas de diplomates ?envoyer.;Sie haben keine Diplomaten, die Sie entsenden kPnen.;Nie dysponujesz 瘸dnym dyplomat?;No tienes diplomicos que enviar.;Non hai diplomatici da inviare.;Nincs kikdve diplomatw.;Neme Sdn?diplomaty, kter?byste vyslali.;;;;;;x
NO_REBELS;你常和叛作稹 ;Vous Oes toujours en guerre avec les rebelles.;Mit Rebellen befinden Sie sich immer im Krieg.;Zawsze jeste?w stanie wojny z buntownikami.;Siempre est en guerra con los rebeldes.;Sei sempre in guerra contro ribelli.;Mindig horan lsz a ladWkal.;S rebely v?y v雁te automaticky.;;;;;;x,,
CV_NORELATION;我目前同]有外交PS。 ;Nous n'avons pas de relations diplomatiques avec ce pays pour le moment.;Wir haben momentan keine diplomatischen Beziehungen mit diesem Land.;Aktualnie nie mamy kontaktQ dyplomatycznych z tym pavtwem.;Actualmente no tenemos relaciones diplomicas con este pa.;Attualmente non abbiamo rapporti diplomatici con questo paese.;Jelenleg nincsen diplomniai kapcsolatunk ezzel az orszgal.;S touto zem?neme Sdn?diplomatick?vztahy.;;;;;;x,
CV_GOVTTYPE;$COUNTRY$是一$GOVT$政府;Le gouvernement de $COUNTRY$ est : $GOVT$;$COUNTRY$ ist $GOVT$;$COUNTRY$ to $GOVT$;$COUNTRY$ es un(a) $GOVT$;$COUNTRY$: $GOVT$;$COUNTRY$ nemzete $GOVT$;$COUNTRY$ je $GOVT$;;;;;;x,,
BASE;基本 :;Base :;Basis:;Baza;Base:;Base:;Alap:;Z嫜ladna:;;;;;;x,,
NORMAL_WAR_NAME;$ORDER$$FIRST$$SECOND$;Guerre $ORDER$$FIRST$-$SECOND$;$ORDER$$FIRST$-$SECOND$ Krieg;Wojna $ORDER$$FIRST$-$SECOND$;Guerra $ORDER$$FIRST$-$SECOND$;$ORDER$ Guerra $FIRST$-$SECOND$;$ORDER$$FIRST$-$SECOND$ hor?$ORDER$$FIRST$-$SECOND$ vka;;;;;;x,,
AGRESSION_WAR_NAME;$FIRST$l拥$ORDER$ ;$ORDER$ Offensive Militaire $FIRST$;$ORDER$ $FIRST$ Angriffskrieg;Wojna $ORDER$ $FIRST$ ;$ORDER$Guerra de $FIRST$ agresi_;$ORDER$ Guerra di aggressione $FIRST$;$ORDER$War of $FIRST$ agresszi?$ORDER$ vka - $FIRST$ agrese;;;;;;x,,
COUNTRY_MORALE_TECH;科技恚;?partir de la technologie :;Von Technologie:;Z technologii:;De ltecnologV:;Da tecnologia:;Technol罅i鏊:;Z technologie:;;;;;;x,,
DAYS;日 ;Jours;Tage;Dni;DVs;Giorni;Nap;Dny;;;;;;x,,
NOMONEY;您]有足虻慕疱X。 ;Vous ne disposez pas de suffisamment d'argent.;Sie haben nicht genug Geld.;Nie masz wystarczajGej ilo?i pieni[zy.;No tienes dinero suficiente;Non hai denaro a sufficienza.;Nincs elQ pzed.;Neme dost penW.;;;;;;x,,
VASSALPROV;他⑹盏揭韵率》荩;Les provinces suivantes leur seront octroyIs :;Sie erhalten die folgenden Provinzen:;Otrzymaj?nast瘼ujGe prowincje:;Recibir las siguientes provincias:;Riceveranno le seguenti province:;Meg fogj嫜 szerezni a ketkez?tartomyokat:;Obdr nledujA?provincie:;;;;;;x,,
COREINFO;$COUNTRY$J@是她的一核心省份。;$COUNTRY$ consid~e cette province comme ant l'une de ses provinces principales. ;$COUNTRY$ betrachtet diese Provinz als Kernprovinzen ihrer Nation.;Pavtwo $COUNTRY$ uwa瘸, 瞠 jest to jedna z jego prowincji narodowych.;$COUNTRY$ considera que esta es una de sus principales provincias. ;$COUNTRY$ considera la presente una sua provincia nazionale.;$COUNTRY$ ezt az egyik kponti tartomyak tartja.;$COUNTRY$ tuto provincii poklw?za jednu ze svh hlavnAh.;;;;;;x,
overseas;和首都]有路B接 ;Aucune liaison terrestre vers la capitale;[ersee;Zamorska;Sin conexi_ terrestre con la capital;Oltremare;Tengerent莞;Bez pozemnco spojen?s hlavn` mDtem;;;;;;x,,
coastal;沿海 ;Ci~e;K惰te;Z dost瘼em do morza;Costero;Costiero;Tengerparti;Pob;;;;;;x,,
non_coastal;h洋 ;Non ci~e;Binnenland;Brak dost瘼u do morza;No costero;Non costiero;Nem tengerparti;Vnitrozem?;;;;;x,,
coastal_sea;近海 ;Mer littorale;K惰tensee;Morze przybrzeee;Zona costera;Mare costiero;Tengerparti;Mo u pob;;;;;;x
tropical; ;Tropical;Tropisch;Tropikalna;Tropical;Tropicale;TrGusi;Tropy;;;;;;x
sea_zone;海丘 ;Zone maritime;Seezone;Obszar morski;Zona mar癃ima;Zona marittima;Tengeri;P|mok?z_a;;;;;;x
land_province;地省份 ;Province terrestre;Landprovinz;Prowincja lowa;Provincia;Provincia terrestre;Sz嫫azfXdi;Suchozemsk?provincie;;;;;;x
out_of_supply;缺乏ao ;Purie de ravitaillement;Kein Nachschub mehr;Brak zapasQ;Sin sums.;Scorte esaurite;Elfogyott a felszerelX;Zoby doxy;;;;;;x
blockaded;被封i ;Sous blocus;Blockade;Poddana blokadzie;Bloqueado;Bloccato;Blokw alatt;Pod blokwou;;;;;;x
no_adjacent_controlled;]有控制的近省份 ;Aucune zone adjacente contrI;Keine Kontrolle er Nachbarprovinzen;Brak kontroli nad s零iednimi prowincjami;Sin control adyacente;Nessuna zona adiacente controllata;Nincs birtokolt szomszU;Sousedn?oblast nen?kontrolova;;;;;;x
provincial_tax_income;省份收 ;Revenu d'imp provincial;Steuereinnahmen der Provinz;PrzychK z podatkQ w prowincji;Ingresos por impuestos provinciales;Entrate per tasse provinciali;Tartomyi adAevel;Provins?vos z dan?;;;;;x
city_population;城市人口 ;Population de la ville;StadtbevXkerung;Ludno? miasta;Poblaci_ de la ciudad;Popolazione cittadina;V嫫os lakossa;MDtsk?populace;;;;;;x
core;核心;Province centrale;Heimatprovinz;Prowincja narodowa;Nleo;Provincia nazionale;Mag;Std;;;;;;x
occupied;被最I ;OccupI;Besetzt;Okupowana;Ocupado;Occupato;Elfoglalt;Okupovo;;;;;;x
revolt_risk;叛yLU ;Risque de r憝olte;Revoltenrisiko;Ryzyko buntu;Riesgo levant.;Rischio di rivolta;Lad esye;Riziko revolty;;;;;;x
nationalism;民族主x ;Nationalisme;Nationalismus;Nacjonalizm;Nacionalismo;Nazionalismo;Nacionalizmus;Nacionalismus;;;;;;x
manpower;人力 ;Main-d'vre;Soldatenzahl;Si豉 ludzka;Rec. hum.;Manodopera;Munkaer?PoWtn?stav obyvatelstva;;;;;;x
war; ;Guerre;Krieg;Wojna;Guerra;Guerra;Hor?Vka;;;;;;x
peace;和平 ;Paix;Friede;Pok|;Paz;Pace;Be;M甏;;;;;;x
war_exhaustion; ;uisement de guerre;Kriegsm?igkeit;Wyczerpanie wojn?War Exhaustion;Sfinimento da guerra;Hor kimertsQ;Ves?vyWrp?;;;;;x,,,,,,,,,,,,,,,,,,
ENABLES;用$WHICH$。\n;Permet $WHICH$.\n ;ErmHlicht $WHICH$.\n;Umoiwia: $WHICH$.\n;Permite $WHICH$.\n;Abilita $WHICH$.\n;$WHICH$ engedyezve.\n;Umo?uje $WHICH$.\n;;;;;;x,,,,,,,,,,,,,,,,,,
NOT_FROM_THIS_GOV;不可能奈目前的政府形式D化@N政府型。;Notre forme actuelle de gouvernement ne nous permet pas de passer ?ce type de gouvernement.;Von unserer aktuellen Regierungsform kPnen wir nicht zu dieser Regierungsform wechseln.;Ta forma ustroju jest niemoiwa do wprowadzenia przy naszym aktualnym systemie rzQ.;Es imposible la conversi_ a este tipo de Gobierno desde nuestro actual tipo de Gobierno.;Non ?possibile passare a questa forma di governo dalla nostra forma di governo attuale;A jelenlegi kormyzi mKunkat nem tudjuk erre a t甑usa lecserni.;Na tento typ vlwy ze souWsnLo typu vlwy pj癃 nem?eme.;;;;;;x,,,,,,,,,,,,,,,,,
NO_SHIPS;]有船b ;Aucun navire;Keine Schiffe;dne okrOy nie;Ning barco;Nessuna nave;Nincsenek hajW;dn?lodi;;;;;;x,,,,,,,,,,,,,,,,,,
NOT_EXIST;$TAG$在@r候不存在。 ;$TAG$ n'existe pas actuellement.;$TAG$ existiert zu dieser Zeit nicht;$TAG$ nie istnieje w tym momencie.;$TAG$ no existe en este momento.;$TAG$ non esiste in questo periodo.;$TAG$ ebben az id~en nem lezett.;$TAG$ v tuto chvii neexistuje.;;;;;;x,,,,,,,,,,,,,,,,,,
NOT_SELECT;所有玩家必x褚家。 ;Tous les joueurs doivent sectionner un pays.;Alle Spieler m惰sen ein Land w鄣len;Wszyscy gracze musz?wybra?pavtwo.;Todos los jugadores tienen que elegir un pa.;Tutti i giocatori devono scegliere un paese.;Minden josnak vasztania kell egy lamot.;V@chni hri si mus?vybrat n嫫od.;;;;;;x,,,,,,,,,,,,,,,,,,
NOALLIES;]有同盟 ;Aucun alli?Keine Verbdeten;Brak sojuszy;Ning aliado;Nessun alleato;Nincsennek szetsQek;Bez spojenc?;;;;;x,,,,,,,,,,,,,,,,,,
ALLIES;同盟 :;AlliX :;Verbdete:;Sojusze;Aliados:;Alleati:;SzettsQesek:;Spojenci:;;;;;;x,,,,,,,,,,,,,,,,,,
SHORTCUT_SHIELD;$TAG$在此r期是一非常有趣的x瘛粢赃x翊。 ;$TAG$ est un choix int廨essant pour cette p廨iode. Cliquez ici pour le sectionner.;$TAG$ ist w鄣rend dieser Periode eine interessante Option. Zum Ausw鄣len anklicken.;$TAG$ to interesujGy wyb@ w tym okresie. Kliknij, aby wybra?;$TAG$ es una interesante opci_ en este perVdo. Haz clic para seleccionarla.;$TAG$ ?una scelta interessante in questo periodo. Fai clic per selezionare.;$TAG$ egy 廨dekes vaszt lehet ebben az idjzakban. Kattints r?a kijelXXhez.;$TAG$ je v tomto obdob?zaj`avou volbou. Volbu potvrd癃e klepnut`.;;;;;;x,,,,,,,,,,,,,,,,,
I Do.;我_始吧 ;Allons-y;Lasst uns in den Krieg ziehen;ZrAmy to!;Hagoslo;Facciamolo;Gyerk, csinjuk meg!;Udde to;;;;;;x,,,,,,,,,,,,,,,,
Run away!;我不_定，以後再f ;Je ne suis pas s. Plus tard, peut-Ore.;Wir sind uns nicht sicher;Nie mam pewno?i, mo瞠 p?niej;No estoy seguro, puede que m tarde;Non ne sono certo, magari pi?tardi;Nem vagyok benne biztos, tal kX~b?Nejsem si jist, mo??pozdfi;;;;;;x,,,,,,,,,,,,,
DECWARREQDESC;宣鹗鞘窃谧钺岬耐饨慌力失♂崛f不得已l拥摹Ｐ⒂绊其他家F的看法，尤其在FK]有正理由r。@也可能降低您的定度。您_定要@幼觯 ;DOlarer la guerre est parfois le dernier recours de la diplomatie. DOlarer la guerre nuira ?l'opinion que les autres pays ont de vous, surtout si vous n'avez pas de raison lQitime de le faire. Cela peut Qalement rUuire votre stabilit? }es-vous s;Eine KriegserklTung ist manchmal das letzte Mittel der Demokratie. Durch eine KriegserklTung fallen Sie im Ansehen anderer L|der, besonders wenn Sie keinen legitimen Grund daf惠 haben. Aurdem kPnte dies zur Reduzierung Ihrer Stabilit酹 fren. MMhten Sie wirklich in den Krieg ziehen?;Wypowiedzenie wojny to czasami ostateczno?, kiedy zawiod?pozosta dzia豉nia dyplomatyczne. Akt wypowiedzenia wojny pogorszy nasz?reputacj?w oczach innych pavtw, szczeg鏊nie, je?i nie ma on odpowiedniego uzasadnienia. Mo瞠 ono rQnie?wp造n寞 na stabilno?. Czy na pewno chcesz to zrobi?;En ocasiones, la declaraci_ de guerra es el 莞timo recurso de la diplomacia. El acto de declarar la guerra perjudicar?la opini_ que tienen los dem paes del tuyo, especialmente si no tienes ninguna raz_ leg癃ima para hacerlo. Tambi puede reducir tu estabilidad. Ceguro que quieres hacerlo?;Talvolta, una dichiarazione di guerra ?l'ultima carta da giocare in diplomazia. Una dichiarazione di guerra peggiora la tua immagine agli occhi degli altri paesi, soprattutto se non hai un motivo legittimo per farlo. Potrebbe anche ridurre la tua stabilit? Vuoi farlo davvero?;A hor?nLa az egyetlen lehetjQ. A had{enetnek kmzPhetqn romlik a tgbi lam vemye r鏊ad, flt akkor, ha nem is volt igazi indokod a hora, ezenkD visszavetheti a stabilitodat is. Biztos, hogy ezt akarod?;Vyhl?en?vky je njdy posledn?diplomatickou mo?ost? Vyhl?en?vky zhor? postoj ostatnAh zem?k va? zemi, zejma v p|pad? 麂 k vce neme legitimn?zinku. M?e klesnout i stabilita. Skutes?to chcete unit?;;;;;;x
IN;在;en;in;w;en;in;,;v;;;;;;x,,,,,,,,,,,,,,,,,
MORE_THAN_THREE_PROV;超^3省份。;plus de 3 provinces.;mehr als 3 Provinzen.;wiWej ni?trzy prowincje;m de 3 provincias.;pi?di 3 province.;tgb, mint h嫫om tartomyban.;vAe ne?3 provinciAh.;;;;;;x,,,,,,,,,,,,,,,,,
DECWARDESC;x翊诉x⒃试S您向你的橙颂峁┮豁和平fh ;Sectionner cette option vous permettra de faire une proposition de paix ?votre ennemi;Durch die Auswahl dieser Option bieten Sie dem Feind einen Friedensvertrag an;Wybranie tej opcji umoiwi zaproponowanie traktatu pokojowego nieprzyjacielowi.;Si seleccionas esta opci_, podr ofrecer un acuerdo de paz al enemigo;Seleziona questa opzione se vuoi proporre un trattato di pace al nemico.;Ezt a lehetjQet vasztva beajlatot teszel az ellensQnek;Vyberete-li tuto mo?ost, budete moci nep|teli nabnout m甏;;;;;;x,,,,,,,,,,,,,,,,,
BUILDING_YEAR;建造於Y$DATE$W。;Construit en 即$DATE$劬.;Gebaut bis  即$DATE$劬.;Zbudowane w 即$DATE$劬.;Construido en 即$DATE$劬.;Costruisci in data: 即$DATE$劬.;憝t 即$DATE$劬.;StavI v 即$DATE$劬.;;;;;;x,,,,,,,,,,,,,,,,,,
BEFORE_START;在[蜷_始以前。 ;Avant la p廨iode traitI par le jeu.;Vor Spielbeginn;Przed rozpoczWiem gry;Anterior al perVdo hist@ico del juego.;Quadro temporale precedente;MQ a j kezdete el{t.;Pd Wsov吡 rcem hry.;;;;;;x,,,,,,
MIL_CONST_TIP;一Y$TYPE$W㈧锭Y$DATE$W完成。 ;L'unit?即$TYPE$劬 sera construite ici le 即$DATE$劬.;Hier wird am 即$DATE$劬 eine 即$TYPE$劬 aufgestellt.;即$TYPE$劬 zostanie sformowana 即$DATE$劬.;Aqu?se construir?un(a) 即$TYPE$劬 en 即$DATE$劬.;Qui verr?schierato: 即$TYPE$劬 in data 即$DATE$劬.;即$TYPE$劬 elkXzXek v嫫hat?idDontja: 即$DATE$劬.;即$TYPE$劬 zde bude od 即$DATE$劬.;;;;;;x,,,,,,
BUILD_CONST_TIP;一Y$BUILDING$W㈧锭Y$DATE$W完成。;La construction du boiment 即$BUILDING$劬 sera achevI ici le 即$DATE$劬.;Hier wird am 即$DATE$劬 ein 即$BUILDING$劬 fertiggestellt.;即$BUILDING$劬 zostanie ukoazony 即$DATE$劬.;Aqu?se completar?un(a) 即$BUILDING$劬 en 即$DATE$劬.;Qui verr?completato: 即$BUILDING$劬 in data 即$DATE$劬.;即$BUILDING$劬 elkXzXek v嫫hat?idDontja: 即$DATE$劬.;即$BUILDING$劬 bude dokonWna k datu 即$DATE$劬.;;;;;;x,,,,,,
PORT;@是一允S我的绦腥盏暮＼基地。 ;Ceci est une base navale ?partir de laquelle nos flottes peuvent op廨er.;Dies ist ein Marinestzpunkt, von dem aus unsere Flotten operieren kPnen.;;Esta es una base naval desde la que nuestras flotas podr actuar.;;;;;;;;;x,,,,,,
WARTAX_TIP;提高 ;Augmenter les imps de guerre;Kriegssteuern;Na?podatki wojenne;Aum. imp. guerra;Aumenta le tasse di guerra;HadiadW kivetXe;Zvednout ves?dan?;;;;;x,,,,,,
INCREASED;增加 ;augmentX;verbesserten;zwiszone;Aumentado;migliorate;n{t;vzrostly;;;;;;x,,,,,,
DECREASED;p少 ;baissX;verschlechterten;zmniejszone;Reducido;peggiorate;csYkent;klesly;;;;;;x,,,,,,
NO_ADVISORS;]有可供服盏念。 ;Aucun conseiller disponible.;Kein Berater verfbar.;Brak dost瘼nych doradcQ;No hay consejeros disponibles.;Nessun consigliere disponibile.;Nincs el廨het?tannsad?;dn?rwce nen?k dispozici.;;;;;;x,,,,,,
NO_WAR_MIL_ACC;我碛羞@家的事通行唷 ;Nous disposons d'un acc` militaire ?leur nation.;Wir haben MilitTzugang f惠 ihr Land.;Zgadzaj?si?na przemarsz naszych wojsk;Tenemos acceso militar a su naci_.;Abbiamo accesso militare alla loro nazione.;Katonai hozzs廨Xk van a nemzet`h;Disponujeme vojensk吡 p|stupem na jejich 蝽em?;;;;;;x,,,,,,
NAVY_COMBAT_TOOLTIP;型：$TYPE$\n兵力：$STR$;Type: $TYPE$ \n Puissance : $STR$;Typ: $TYPE$ \n StTke: $STR$;Rodzaj: $TYPE$ \n Si豉: $STR$;Tipo: $TYPE$ \n Fuerza: $STR$;Tipo: $TYPE$ \n Forza: $STR$;T甑us: $TYPE$\n Er? $STR$;Typ: $TYPE$ \n Sia: $STR$;;;;;;x,,,,,,
ISATWAR;於Br你不能要求事通行. ;Vous ne pouvez pas demander un acc` militaire quand vous Oes en guerre.;Sie kPnen nicht um MilitTzugang bitten, wenn Sie sich im Krieg befinden.;Nie mo瞠sz prosi?o przemarsz wojsk b[G w trakcie wojny.;No se puede solicitar acceso militar mientras se est?en guerra.;Non puoi chiedere accesso militare quando sei in guerra.;Nem k廨hetsz katonai haladt, ha horan vagytok.;Nelze Sdat o vojensk?p|stup v prNu vky.;;;;;;x,,,,
DIPLOICON_TIP;Y$NATION$Wl出的$TYPE$。\n 如果我在Y$DATE$W之前不予t⒆泳芙^。;$TYPE$ de 即$NATION$劬. \n Si nous ne rZondons pas avant le 即$DATE$劬 nous refuserons automatiquement.;$TYPE$ von 即$NATION$劬. \n Wenn wir nicht vor 即$DATE$劬 reagieren, werden wir automatisch ablehnen.;$TYPE$ od 即$NATION$劬. \nJe?i nie odpowiemy przed 即$DATE$劬, b[zie to oznacza?automatyczn?odmow?;$TYPE$ desde 即$NATION$劬. \n Si no respondemos antes de 即$DATE$劬, se producir?un rechazo automico.;$TYPE$ da 即$NATION$劬. \n Se non rispondiamo prima di: 即$DATE$劬 rinunceremo automaticamente.;$TYPE$, kdte: 即$NATION$劬. \n Ha nem vaszolunk 即$DATE$劬 el{t, az ajlat automatikusan elutas癃ra ker.;$TYPE$ z 即$NATION$劬. \n Pokud neodpov`e do 即$DATE$劬, automaticky odm癃neme.;;;;;;x
DIPLOICON_TIP_NONATION;$TYPE$。\n 如果我在Y$DATE$W之前不予t⒆泳芙^。;$TYPE$.\n Si nous ne rZondons pas avant le 即$DATE$劬 nous refuserons automatiquement.;$TYPE$. \n Wenn wir nicht vor 即$DATE$劬 reagieren, werden wir automatisch ablehnen.;$TYPE$. \nJe?i nie odpowiemy przed 即$DATE$劬, b[zie to oznacza?automatyczn?odmow?;$TYPE$. \n Si no respondemos antes de 即$DATE$劬, se producir?un rechazo automico.;$TYPE$. \n Se non rispondiamo prima di: 即$DATE$劬 rinunceremo automaticamente.;$TYPE$. \n Ha nem vaszolunk 即$DATE$劬 el{t, az ahlat automatikusan elutas癃ra ker.;$TYPE$. \n Pokud neodpov`e do 即$DATE$劬, automaticky odm癃neme.;;;;;;x,
VERY_EASY;非常 ;Tr` facile;Sehr einfach;Bardzo 豉twa;Muy fnil;Molto facile;Nagyon kPny?Velmi snadn?;;;;;x,,,,,,
EASY;;Facile;Einfach;^atwa;Fnil;Facile;KPny?Snadn?;;;;;x,,,,,,
NORMAL;正常 ;Normal;Normal;Normalna;Normal;Normale;Norm;Normn?;;;;;x,,,,,,
HARD;困y ;Difficile;Schwierig;Trudna ;DifAil;Difficile;Neh;T?k?;;;;;x
VERY_HARD;非常困y ;Tr` difficile;Sehr schwierig;Bardzo trudna;Muy difAil;Molto difficile;Nagyon neh;Velmi t?k?;;;;;x
NEVER;牟 ;Jamais;Nie;Nigdy;Nunca;Mai;Soha;Nikdy;;;;;;x
MONTHLY;每月 ;Mensuel;Monatlich;Co miesiG;Cada mes;Ogni mese;Havonta;MDn?;;;;;x
HALFYEAR;每半年 ;Semestriel;Halbes Jahr;Co pN roku;Semestre;Semestre;F薯;P roku;;;;;;x
YEARLY;每年 ;Annuel;J鄣rlich;Co rok;Anual;Ogni anno;es;Ros?;;;;;x
FIVE_YEAR;每五年 ;Cinq ans;Ff Jahre;Co pi耩 lat;Cinco a隳s;Cinque anni;D 憝es;PI let;;;;;;x
YEARS;年份 ;AnnIs;Jahre;Lat;A隳s;Anni;;Roky;;;;;;x
MONTHS;月份 ;Mois;Monate;MiesiWy;Meses;Mesi;H_ap;MDAe;;;;;;x
NAVAL_COMBAT;海 ;Combat naval;Seekampf;Bitwa morska;El combate naval;Comb. navali;Tengeri ket;Boj na mo~;;;;;;x
ATTACKER;攻舴 ;Attaquant;Angreifer;AtakujGy;Atacante;Attaccante;Tad?nose;;;;;;x
DEFENDER;防R方 ;DGenseur;Verteidiger;BroniGy si?Defensor;Difensore;VU?Obrce;;;;;;x
UNIT_PANEL;重整部 ;R[rganiser l'unit?Einheit reorganisieren;Reorganizuj jednostk?Reorganizar unidad;Riorganizzare le unit?EgysQ szervezXe;Reorganizovat jednotku;;;;;;x
WEANNEX;我要完全吞闼。 ;Nous exigeons leur annexion totale.;Wir fordern ihre volle Annexion.;笆damy peej aneksji.;Exigimos su completa anexi_.;Esigiamo la loro completa annessione.;A teljes  egyesXt kDjuk.;Po肝dujeme lnou anexi.;;;;;;x
OTHERANNEX;他要完全吞阄。 ;L'annexion totale a ?exigI.;Volle Annexion wurde gefordert.;Za蕨dano peej aneksji.;Se ha exigido la completa anexi_.;?stata richiesta l'annessione.;A teljes egyesXre val?igy elkdve.;Je po肝dova ln?anexe.;;;;;;x
AGREE;同意 ;Accepter;Zustimmen;Zgoda;Acceder;Accetta;Elfogad;Souhlas`;;;;;;x
DECLINE;拒^ ;Refuser;Ablehnen;OdmQ;Rehusar;Rifiuta;Visszautas癃;Odm癃nout;;;;;;x,,,,
NOMANPOWER;我至少需要1000涯行(人力)斫ㄔ毂挝弧 ;Nous avons besoin d'au moins 1000 hommes valides (main-d'vre) pour construire cette unit?;Wir brauchen mindestens 1000 f鄣ige M|ner (MannstTke) zu Aushebung dieser Einheit.;Aby stworzy?t?jednostk? potrzebujemy przynajmniej 1000 meczyzn (si豉 ludzka).;Necesitamos al menos 1.000 hombres capaces (recursos humanos) para construir esta unidad.;Ci servono almeno 1000 uomini abili (manodopera) per costruire questa unit?;Legalb 1000 erj emberre van sz`sQk ennek az egysQnek az Z癃XLez.;Abychom sestavili tuto jednotku, potbujeme alespo?1000 mu?.;;;;;;x
ESTIMATE_ARIVAL;⒃$DATE$到_$PROV$ ;Arrivera dans la province $PROV$ le $DATE$;Kommt in $PROV$ am $DATE$ an;Przyb[zie do prowincji $PROV$ $DATE$;Llegar?a $PROV$ el $DATE$;Arriveremo in $PROV$ in data $DATE$.;$DATE$ idDontban 廨kezk $PROV$ provinci嫫a.;Doraz?do $PROV$ k datu $DATE$;;;;;;x,,,,
UNDER_SIEGE;省份被困! ;Province assiQI !;Provinz wird belagert!;Prowincja jest oblegana!;.rovincia bajo asedio!;La provincia ?sotto assedio!;Egy provinci megtadtak.;Provincie je v oble麂n?;;;;;;x,,,,
OCCUPIEDBY;省份被$NATION$最I! ;La province est occupI par la nation : $NATION$ !;Provinz wurde besetzt von $NATION$!;Prowincja jest okupowana przez $NATION$!;¨a provincia ha sido ocupada por $NATION$!;La provincia ?occupata da $NATION$!;A provinci $NATION$ elfoglalta!;Provincie je okupova $NATION$!;;;;;;x,,,,
OL_UNIT_MOVING;向Y$TARGET$W移印 ;Se dZlace en direction de : 即$TARGET$劬.;Marschiert auf 即$TARGET$劬 zu.;Zmierza ku 即$TARGET$劬.;Desplazdose hacia 即$TARGET$劬.;In movimento verso 即$TARGET$劬.;$TARGET$ tada.;Cestuje smeem 即$TARGET$劬.;;;;;;x,,,,
pti;永久未知^域 ;terra incognita permanente;Permanente Terra Incognita;sta豉 ziemia nieznana;Terra Incognita permanente;terra incognita permanente;land?terra incognita;trval?terra incognita;;;;;;x,,,,
nobuilding;]有建B物 ;nobuilding;nobuilding;brak budynkQ;nobuilding;nobuilding;nobuilding;bez staveb;;;;;;x,,,,
nogovernment;]有政府 ;nogovernment;nogovernment;brak rzu;nogovernment;nogovernment;nogovernment;bez vlwy;;;;;;x,,,,
nogovernment_ruler;]有政府y治者 ;nogovernment_ruler;nogovernment_ruler;nogovernment_ruler;nogovernment_ruler;nogovernment_ruler;nogovernment_ruler;bez vlwy_vlwce;;;;;;x,,,,
COMBAT_MORALE;士 :;Moral :;Moral:;Morale:;Moral:;Morale:;Mor:;Morka:;;;;;;x,,,,
COMBAT_BREAKING;阻 ;Rupture;Abbruch;Ucieczka;En ruptura;Spezzare;TX;Rozdrcen?;;;;;x,,,,
MAPMODE;地D模式 ;Mode carte;Kartenmodus;Tryb mapy;Modo de mapa;Modalit?mappa;Pya mK;Re?m mapy;;;;;;x,,,,
LEDGER_CORE;核心 ;Centrale;Kernprovinz;Prowincje narodowe;Nleo;Provincia nazionale;Mag;Std;;;;;;x,,,,
LEDGER_NOT_CORE;非核心 ;Secondaire;Keine Kernprovinz;Prowincje nienarodowe;No nleo;Non nazionale;Nem mag;Okraj;;;;;;x,,,,
ACCEPT;接受 ;Accepter;Akzeptieren;Akceptuj;Aceptar;Accetta;Elfogad;P~jmout;;;;;;x,,,,
COMBAT_ASSAULT;突 ;Assaut;Angriff;Szturm;Asaltar;Assalto;Ostrom;Ppaden?;;;;;x
notechgroup;]有科技M;notechgroup;notechgroup;brak grupy technologicznej;notechgroup;notechgroup;notechgroup;netechnologick?skupina;;;;;;x
culture_ideas;文化理念 ;culture_ideas;culture_ideas;doktryny_kulturowe;culture_ideas;culture_ideas;culture_ideas;kulturn?ideje;;;;;;x
neighbor_bonus;近加成 ;Bonus voisin;Nachbarbonus;Premia s零iedzka;Bonificaci_ por proximidad;Bonus nazione confinante;SzomszUsQi b_usz;Sousedsk?bonus;;;;;;x
PLAY;_始[ ;JOUER;START;GRAJ;PLAY;GIOCARE;JS屮;HRA;;;;;;x
DOMESTIC_NATION;家 ;nation;Nation;narK;naci_;nazione;nemzet;n嫫od;;;;;;x
DOMESTIC_RELATION;PS ;relation;Beziehung;stosunki;relaci_;relazione;viszony;vztah;;;;;;x
LOST_PLR;失〉耐婕 ;Joueur perdu;Spieler abgetrennt;Gracz niedost瘼ny;Jugador perdido;Giocatore perduto;Kiesett jos;Vylout hre;;;;;;x 
SAVE_LOADED;[虼nx取完…… ;Sauvegarde de la partie chargI?Spielstand geladen ...;Wczytano zapisan?gr?..;Partida cargada...;Salvataggio caricato...;MentX betXtve;Ulo麂n?hra byla nahra...;;;;;;x 
COMPRESS_ERROR;嚎se`…… ;Erreur de compression?Kompressionsfehler ...;B章d kompresji...;Error de compresi_...;Errore di compressione...;TW癃Xi hiba?Chyba komprimace...;;;;;;x 
MS_LOGOUT;]N ;DOonnexion;Logout;Wyloguj;Salir;Logout;KijelentkezX;Odhlit;;;;;;x 
PW_POPULATION;人口 ;Population;BevXkerung ;Ludno? ;Poblaci_ ;Popolazione ;NZessQ;Populace;;;;;;x
PW_UNITS;挝 ;UnitX;Einheiten;Jednostki;Unidades;Unit?EgysQek;Jednotky;;;;;;x
GOTO_HEADER;省份查找器 ;Rechercher une province;Provinzsuche;Wyszukiwarka prowincji;Buscador de provincias;Ricerca provincia;Provincia keres?Objevitel provincie;;;;;;x
GOTO_BOX;入省份名 ;Saisissez le nom de la province;Provinznamen eingeben;Wpisz nazw?prowincji;Introduce el nombre de la provincia;Immetti il nome della provincia;Add meg a provincia nev;Zadat jmo provincie;;;;;;x
GOTO_LIST_BOX;可能的省份 ;Provinces possibles;MHliche Provinzen;Moiwe prowincje;Posibles provincias;Province possibili;El廨het?provinci嫜;Mo??provincie;;;;;;x
GOTO_CANCEL;取消 ;Annuler;Abbrechen;Anuluj;Cancelar;Annullare;MQse;Zru@t;;;;;;x,,,,,
GOTO_GOTO;查看 ;Aller ?Goto;Id?do;Ir all?Andare;Ugr;Pj癃 na;;;;;;x,,,,,
TIME_AHEAD;@科技比F在超前$NUMBER$年，所以比^y以研l。 ;Cette technologie est de $NUMBER$ ans en avance sur son temps, elle est donc plus difficile ?atteindre.;Diese Technologie ist ihrer Zeit $NUMBER$ Jahre voraus, daher ist sie schwieriger zu erreichen.;;Esta tecnologV est?a $NUMBER$ a隳s por delante de nuestro tiempo, por lo que es m difAil de alcanzar.;;;;;;;;;x,,,
CHAT_NONE;]有 ;Aucun;Keine;;Nada;;;;;;;;;x,,,,,
ABANDON_GAME;放[ ;Abandonner la partie;Spiel aufgeben;;Abandonar juego;;;;;;;;;x,,,,,
LOCAL_TRADE_INCOME_MODIFIER;地^Q易收入修正 ;Modificateur des revenus du commerce local;Modifikator - Lokales Handelseinkommen ;;Modificador por ingresos de comercio local;;;;;;;;;x,,,,,
GLOBAL_TRADE_INCOME_MODIFIER;全Q易收入修正 ;Modificateur des revenus du commerce national;Modifikator - Nationales Handelseinkommen ;;Modificador por ingresos de comercio nacional;;;;;;;;;x,,,,,
UV_MANPOWER;人 :;Hommes :;Soldaten:;;Hombres:;;;;;;;;;x,,,,,
UV_REGIMENTS;F :;RQiments :;Regimenter:;;Regimientos:;;;;;;;;;x,,,,,
NOT_BROKEN;他的]被打　 ;Me si leurs armIs ne sont pas encore totalement vaincues.;Aber ihre Armeen wurden noch nie geschlagen.;;Sus ej廨citos a no est derrotados.;;;;;;;;;x,,,,,
LOG_SETTING_PAUSE;出窗口K和 ;Popup et pause;Popup und Pause;Pauza przy wyskakujGym oknie;Ventana emergente y pausa;Pausa;ElxgrW X szet;Rozev甏ac?okno a pauza;;;;;;x,,,,,
SM_WATER;水域 ;Effets amiorX pour l'eau;Komplexes Meer;Ulepszona woda;Aguas avanzadas;Acqua;RXzletes v瞵 ;Voda (pro pokrol?;;;;;;x,,,,,
ARMY;;ArmI;Armee;Armia;Ej廨cito;Esercito;Hadsereg;Armwa;;;;;;x,,,,,
NAVY;海;Marine;Flotte;Marynarka;Armada;Marina;Flotta;Flotila;;;;;;x,,,,,
CORE_IS_REVOLTER;如果反抗力量足大，@些省份捅僭淼家或重M一新的家。 ;Ce pays peut Ore cr ?partir de cette province ou devenir un nouveau pays si une r憝olte y prend suffisamment d'ampleur.;Dieses Land kann aus dieser Provinz geschaffen werden oder sich durch eine Revolte befreien.;To pavtwo mo瞠 zosta?stworzone z tej prowincji lub pojawi?si?na mapie, kiedy rebelia oka瞠 si?bardzo silna.;Puede crearse este pa a partir de esta provincia, o surgir como pa nuevo si se produce una revuelta lo bastante fuerte.;This country may be created from this province, or appear as a new country if a revolt grows strong enough.;;Zo provincie m?e vzniknout tato zem??nebo nov?zem? jestli麂 revolta dostates?zesi?;;;;;;x
MINIMUM_REVOLT_RISK;最低反叛LU ;Risque minimum de r憝olte;Minimales Revoltenrisiko;Minimalne ryzyko buntu;Riesgo de revuelta mgimo;Riesgo mgimo de rebeli_;Minimis kockat a ladra ;Minimn?riziko revolty;;;;;;x,,,,,
AMBIENT;周h境 ;Ambiant;Ambiente;Otoczenie;Ambiente;Ambiente;Knyezet;Okoln?prostd?;;;;;x,,,
WCRD_ATT;@是一鏊l拥。 ;C'est une guerre qu'ils ont dOlenchI.;Dies ist ein Angriffskrieg.;To wojna, kt@?oni zacz瘭i. ;Es una guerra que ellos han empezado.;Esta es una guerra que han empezado ellos.;Ezt a hor l kezdt. ;Tuto vku zaWli oni.;;;;;;x,,
WCRD_DEF;@是一龇蓝R，我必椭我的盟友。 ;C'est une guerre dGensive o?nous devons aider notre alli?;Dies ist ein Verteidigungskrieg.;To wojna obronna, w kt@ej musimy wspom naszego sojusznika. ;Es una guerra defensiva, donde tenemos que ayudar a nuestro aliado.;Esta es una guerra defensiva en la que debemos ayudar a nuestro aliado.;Ez egy vUekez?hor? amiben seg癃enk kell a szetsQeseinket. ;Toto je obrann?vka a my potbujeme pomoc na塄ho spojence.;;;;;;x
on; 打_;Activ?Ein;;S?;;;;;;;;x,,,
off;P];Dsactiv?Aus;;No;;;;;;;;;x,,,
very easy;非常;Trs Facile;Sehr einfach;;Muy fcil;;;;;;;;;x,,,
easy;;Facile;Einfach;;Fcil;;;;;;;;;x,,,
normal;正常;Normal;Normal;;Normal;;;;;;;;;x,,,
hard;困y;Difficile;Schwer;;Difcil;;;;;;;;;x,,,
very hard;非常困y;Trs Difficile;Sehr schwer;;Muy difcil;;;;;;;;;x,,,
TRIGGER_OVERLORD;君主;Seigneur;Lehensherr;;Seor feudal;;;;;;;;;x,,,
MILALLWEBAN_BTN3;查看;Aller ?Zeigen;Id?do;Ir all?Vai a;Ugrs;Pejt na;;;;;;x,,,
SM_MULTISAMPLE;多有;Niveau de dtail graphique;Multisample Level;Poziom prbkowania;Nivel de muestra mltiple;Livello multisample;Tbbszrs mintavtelezs szintje;rove?vzorkovn?;;;;;x,,,
RESTART_REQ;需要重新舆[;Redmarrage ncessaire;Neustart erforderlich ;Wymaga ponownego uruchomienia gry;Se requiere reinicio;Riavvio richiesto;jraindtst ignyel;Poadovn restart;;;;;;x,,,
RESTART_REQ_DESC;使O置生效，重新舆[.;Vous devez redmarrer le jeu pour que les modifications prennent effet.;Sie mssen das Spiel neu starten, damit die nderungen aktiv werden..;Aby zmiany zostay wprowadzone, musisz ponownie uruchomi?gr?;Tienes que reiniciar el juego para que los cambios surtan efecto.;Devi riavviare il gioco per applicare queste modifiche.;A vltoztatsok rvnybelpshez jra kell indtani a jtkot.;Zmny se uplatn?a?po restartu hry (muste restartovat hru).;;;;;;x
very_easy_player;y度：非常;Niveau de difficult?: Trs facile;Schwierigkeitsstufe Sehr leicht;Bardzo atwy;Dificultad muy fcil;Molto facile;Nagyon knny?Obtnost: velmi snadn?;;;;;x,,,
easy_player;y度：;Niveau de difficult?: Facile;Schwierigkeitsstufe Leicht;^atwy;Dificultad fcil;Facile;Knny?Obtnost: snadn?;;;;;x,,,,,,
hard_player;y度：困y;Niveau de difficult?: Difficile;Schwierigkeitsstufe Schwer;Trudny;Dificultad difcil;Difficile;Nehz;Obtnost: tk?;;;;;x,,,,,,
very_hard_player;y度：非常困y;Niveau de difficult?: Trs difficile;Schwierigkeitsstufe Sehr schwer;Bardzo trudny;Dificultad muy difcil;Molto difficile;Nagyon nehz;Obtnost: velmi tk?;;;;;x,,,,,,
very_easy_ai;y度：非常;Niveau de difficult?: Trs facile;Schwierigkeitsstufe sehr leicht;Bardzo atwy;Dificultad muy fcil;Molto facile;Nagyon knny?Obtnost: velmi snadn?;;;;;x,,,,,,
easy_ai;y度：;Niveau de difficult?: Facile;Schwierigkeitsstufe Leicht;^atwy;Dificultad fcil;Facile;Knny?Obtnost: snadn?;;;;;x,,,,,,
hard_ai;y度：困y;Niveau de difficult?: Difficile;Schwierigkeitsstufe Schwer;Trudny;Dificultad difcil;Difficile;Nehz;Obtnost: tk?;;;;;x,,,,,,
very_hard_ai;y度：非常困y;Niveau de difficult?: Trs difficile;Schwierigkeitsstufe Sehr schwer;Bardzo trudny;Dificultad muy difcil;Molto difficile;Nagyon nehz;Obtnost: velmi tk?;;;;;x,,,,,,
CORE_MP_PAUSED_NAME;$PLAYER$和Ａ诉[颉;Mis en pause par $PLAYER$.;Pause durch $PLAYER$.;Gra zatrzymana przez gracza $PLAYER$.;En pausa por $PLAYER$.;Messo in pausa da $PLAYER$.;A jtkot meglltotta: $PLAYER$.;Pozastaveno hr徼em $PLAYER$.;;;;;;x,,,,,,
CORE_MP_PAUSED;如果o人取消和＃和rg剩$TIME$……;$TIME$ restant avant que quiconque puisse continuer?$TIME$ bis jeder die Pause beenden kann....;Pozostao $TIME$ do wznowienia gry...;$TIME$ hasta que alguien pueda reanudar...;Impossibile riprendere a giocare per: $TIME$.;$TIME$ mlva brki elindthatja a jtkot.;$TIME$ zbv? ne?bude moci nkdo zruit pauzu...;;;;;;x,,,,,
OOS_TITLE;e`!;Erreur !;Fehler!;Bd!;Error!;Errore!;Hiba!;Chyba!;;;;;;x,,,,,,
OOS_DESC;[o法同步!;Le jeu n'est plus synchronis?!;Spiel ist nicht lnger synchron!;Brak synchronizacji w grze!;El juego ya no est?sincronizado!;Il gioco non ?pi?sincronizzato!;A jtkosok nincsennek szinkronban!;Hra nen?nadle synchronizovna!;;;;;;x,,,,,,
NO_CANNON;我不知道如何建造加r炮。;Vous n'avez pas encore appris ?construire des canons.;Wir haben noch nicht gelernt, wie man Kanonen herstellt.;Jeszcze nie wiemy, jak wytwarza?armaty.;An no sabemos cmo construir un ca耋n.;Non sappiamo ancora come produrre i cannoni.;Mg nem tudunk gykat kszteni.;Jet?neumme vyrbt kanny.;;;;;;x,,,,
FE_TUTORIAL;教程;Didacticiel;Einfhrung;Samouczek;Tutorial;Tutorial;Oktats;vodn?栳st;;;;;;x,,,,,,
base_values;基本加成;Valeur de base;Basiswert;Stawka podstawowa;Valor base;Valore di base;Alaprtk;Zkladn?hodnota;;;;;;x,,,,,,
city;城市;Ville;Stadt;Miasto;Ciudad;Citt?Vros;Msto;;;;;;x,,,,,,
PROV_BASETAX_DESCR;@是省份l展一完整城市r能提供的基A收值。;Ceci est la valeur de base de l'impt que cette province fournira lorsqu'elle se sera dveloppe et qu'elle prendra la forme d'une ville ?part entire.;Dies ist der Basiswert der Steuern, die diese Provinz zahlen wird, wenn sie zu einer Stadt ausgebaut wurde. ;Jest to stawka podstawowa podatku z tej prowincji, kiedy na jej terenie powstanie w pei rozwinite miasto.;ste es el valor base del impuesto qye proporcionar?esta provincia cuando haya desarrollado una ciudad plenamente desarrollada.;Questo ?il valore di base delle tasse che questa provincia fornir?quando si sar?sviluppata in una citt?completa.;Ennyi adbevtelt hozna ez a provincia, ha egy teljesen kifejlett vros lenne rajta.;Toto je zkladn?hodnota daovho vnosu, kter?bude tato provincie poskytovat, a?vznikne plnohodnotn?msto.;;;;;;x
NO_EFFECT;]有效果;Aucun effet;Kein Effekt;Brak efektw;Ningn efecto;Nessun effetto;Nincs hatsa;Bez efektu;;;;;;x,,,
NONE_AVAILABLE;不可用。;Aucun n'est disponible.;Keine verfgbar.;Brak dostpnych.;Ninguno disponible.;Non disponibili;Nem rhet?el.;Nen?kdispozici.;;;;;;x,,
EXPIRES_ON;於Y$DATE$W到期;Expire le Y$DATE$W;Luft aus am Y$DATE$W;Wygasa: Y$DATE$W;Expira el Y$DATE$W;Scade il Y$DATE$W;Ekkor jr le: Y$DATE$W;Vypr dne Y$DATE$W;;;;;;x,,,
FINISHED_ON;於$DATE$完成;Termin?le $DATE$.;Fertigstellung am $DATE$.;Zakoczenie: $DATE$.;Terminado el $DATE$.;Finito il $DATE$.;Ekkor kszl el: $DATE$.;Dokoneno dne $DATE$.;;;;;;x,,,
FE_TRIALS;L;Essais;Verhandlungen;Negocjacje;Pruebas;Sfide;Prbk;Soudy;;;;;;x,,,
CD_AGREEMENTS;c$LIST$_成交易。;Accord commercial avec : $LIST$.;Handelsabkommen mit $LIST$.;Umowa handlowa z $LIST$.;Acuerdo comercial con $LIST$.;Accordo commerciale con $LIST$.;Kereskedelmi egyezmny vele: $LIST$.;Obchodn?dohoda s $LIST$.;;;;;;x,,,
CD_ISEMBARGOED;被$LIST$Q易禁\。;Victime d'un embargo de : $LIST$.;Unter Handelsblockade durch $LIST$.;Embargo naoone przez: $LIST$.;Bajo el embardo de $LIST$.;Embargo da: $LIST$.;Embargt vezetett be $LIST$.;Pod embargem $LIST$.;;;;;;x,,,
CD_ISEMBARGOING;$LIST$行Q易禁\。;Fait subir un embargo ?: $LIST$.;Handelsblockade von $LIST$.;Nakada embargo na: $LIST$.;Ejerciendo embargo sobre $LIST$.;Embargo su: $LIST$.;Embarg?ellene: $LIST$.;Embargo na $LIST$.;;;;;;x,,,
CD_GIVESACCESS;o予$LIST$事通行唷;Accorde l'accs militaire ?: $LIST$.;Gewhrt militrisches Durchmarschrecht an $LIST$.;Zgadza si?na przemarsz wojsk: $LIST$.;Ha concedido acceso militar a $LIST$.;Garantisce l'accesso militare a: $LIST$.;Katonai hozzfrst biztost nekik: $LIST$.;Poskytuje vojensk?pstup $LIST$.;;;;;;x,,,
CD_HASACCESS;碛$LIST$的事通行唷;A un accs militaire par : $LIST$.;Hat militrisches Durchmarschrecht von $LIST$.;Otrzyma?zgod?na przemarsz wojsk przez $LIST$.;Tiene acceso militar por $LIST$.;Ha l'accesso militare a: $LIST$.;Katonai hozzfrssel rendelkeznek a terlethez: $LIST$.;M?vojensk?pstup skrze $LIST$.;;;;;;x,,,
PW_RESET;重O;Rinitialiser;Zurcksetzen;Resetuj;Reiniciar;Ripristina;jraindtst ignyel;Resetovat;;;;;;x,,,
OURWARALLY;r同盟;Alli?dans une guerre;Verbndet in einem Krieg;Sprzymierzecy w wojnie;Aliado(s) en una guerra;Alleati in guerra;Szvetsges hborban;Spojenci ve vlce;;;;;;x,,,
CONFIRMMISSIONTEXT;你_定往要向$PROV$派遣一鹘淌浚;tes-vous sD de vouloir envoyer un missionnaire dans la province $PROV$ ?;Sind Sie sicher, dass Sie einen Missionar nach $PROV$ schicken wollen?;Jeste?pewien, e chcesz wysa?misjonarza do prowincji $PROV$?;Seguro que quieres enviar un misionero a $PROV$?;Sicuro di voler inviare un missionario nella provincia di $PROV$?;Biztos vagy benne, hogy hittrtket kldesz $PROV$ tartomnyra?;Skuten?chcete vyslat misionse do provincie $PROV$?;;;;;;x
COST_TIME;消耗: Y$AMOUNT$W金X\n 需r：Y$TIME$W天。;CoU : Y$AMOUNT$W ducats \nDure : Y$TIME$W jours.;Kosten: Y$AMOUNT$W Dukaten \nZeit: Y$TIME$W Tage.;Koszt: Y$AMOUNT$W dukatw \nCzas: Y$TIME$W dni.;Coste: Y$AMOUNT$W Ducados \nTiempo: Y$TIME$W das;Costo: Y$AMOUNT$W ducati \nTempo: Y$TIME$W Giorni.;Kltsg: Y$AMOUNT$W dukt \nId? Y$TIME$W nap.;Cena: Y$AMOUNT$W dukt?\nDoba: Y$TIME$W dn?;;;;;;x,,,
ADD_SUB_UNIT_EFFECT;在Y$WHERE$W得到$UNIT$。;Envoyer $UNIT$ vers $WHERE$.;Erhlt $UNIT$ in $WHERE$.;Get $UNIT$ in $WHERE$.;Llevar $UNIT$ a Y$WHERE$W.;Porta $UNIT$ a $WHERE$.;Get $UNIT$ in $WHERE$.;Zskat $UNIT$ v $WHERE$.;;;;;;x,,,
CHANGE_CONTROLLER_EFFECT;Y$WHO$W控制了Y$WHERE$W。\n;Y$WHO$W prend le contrle de Y$WHERE$W.\n;$WHO$ bernimmt die Kontrolle ber $WHERE$.;$WHO$ przejmuje kontrol?nad $WHERE$.;Y$WHO$W toma el control de Y$WHERE$W.\n;$WHO$ assume il comando di $WHERE$.;$WHO$ tveszi az irnytst $WHERE$ felett.;$WHO$ pebr?kontrolu nad $WHERE$.;;;;;;x,,,
WAR_EFFECT;向Y$WHO$W宣稹\n;Dclarer la guerre ?Y$WHO$W.\n;Erklrt $WHO$ den Krieg.;Wypowiedz wojn?$WHO$;Declara la guerra a Y$WHO$W.\n;Dichiarare guerra a $WHO$;Hadzenet neki: $WHO$;Vyhlsit vlku $WHO$;;;;;;x,
CONFIRMSAVETITLE;Υ孢[;Sauvegarder;Speicherstand;Zapisz gr?Guardar partida;Salvare partita;Ments;Uloit hru;;;;;;x,
CONFIRMSAVETEXT;你_定要覆w$NAME$幔;tes-vous sD de vouloir craser le fichier $NAME$ ?;Sind Sie sicher, dass Sie die Datei $NAME$ berschreiben mchten?;Czy na pewno chcesz nadpisa?plik $NAME$?;Seguro que quieres sobrescribir el archivo $NAME$?;Sovrascrivere il file $NAME$?;Biztos vagy benne, hogy fell szeretnd rni a kvetkezt: $NAME$?;Skuten?chcete pepsat soubor $NAME$?;;;;;;x
PW_TRADE_VALUE;Q易r值:;Valeur commerciale :;Handelswert:;Warto handl.:;Valor comercial:;Valore di scambio:;Ker. rtk:;Hodnota obchodu:;;;;;;x,
PROV_TRADE_VALUE;Q易中心I的r值。;Montant gnr?pour le Centre de Commerce;Zum Handelszentrum beigesteuerter Wert.;Warto posiadanych udziahw w orodku handlu.;Valor que contribuye al centro de comercio.;Valore donato al centro del commercio.;Az pnz a Kereskedelmi Kzpontba kerlt.;Hodnota pispvajc?obchodnmu centru.;;;;;;x,
NO_SEPARATE_PEACE;r非盟Iд叩家之go法和.;Vous ne pouvez pas ngocier de paix sparant deux partenaires mineurs de la guerre.;Sie knnen keinen Seperatfrieden zwischen zwei Junior-Partnern in einem Krieg schlieen.;Nie moesz negocjowa?oddzielnego pokoju pomidzy dwoma podrzdnymi partnerami.;No puedes negociar una paz separada entre dos socios menores en una guerra.;Non puoi negoziare una pace separata fra due membri sottoposti in una guerra.;Nem kezdemnyezhetsz egyedi bketrgyalsokat.;Dva podzen?partnei (v alianci) spolu nemohou uzavt separtn?mr.;;;;;;x,
DIPCHANCE_VLIKELY;很有可能;Trs probablement;Sehr wahrscheinlich;Bardzo prawdopodobne;Muy probable;Molto probabile;Nagyon szvesen;Velmi pravdpodobn?;;;;;x,
DIPCHANCE_IMPOSSIBLE;^不可能;Impossible;Unmglich;Niemoliwe;Imposible;Impossibile;Lehetetlen;Nemon?;;;;;x,
DIPCHANCE_VUNLIKELY;不太可能;Trs improbable;Sehr unwahrscheinlich;Bardzo nieprawdopodobne;Muy poco probable;Molto improbabile;Egyeltaln nem szvesen;Velmi nepravdpodobn?;;;;;x,
DIPCHANCE_UNLIKELY;很不可能;Improbable;Unwahrscheinlich;Nieprawdopodobne;Poco probable;Improbabile;Nem szvesen;Nepravdpodobn?;;;;;x,
DIPCHANCE_MAYBE;也S可能;Peut-tre;Vielleicht;Moliwe;Quiz?Forse;Taln;Mon?;;;;;x,
DIPCHANCE_LIKELY;有可能;Probable;Wahrscheinlich;Prawdopodobne;Probable;Probabile;Szvesen;Pravdpodobn?;;;;;x,
M_GOTO_BUTTON;ふ沂》;Trouver la province;Provinz finden;Znajd?prowincj?Encontrar provincia;Trovare provincia;Provinciakeress;Najt provincii;;;;;;x,
M_LEDGER_BUTTON;つ;Statistiques;Statistik;Statystyki;Memoriales;Statistiche;Fknyv;阼etn?kniha;;;;;;x,
M_MENU_BUTTON;菜;Menu;Menu;Menu;Men?Menu;Men?Nabdka;;;;;;x,
M_HOME_BUTTON;前往首都;Se rendre ?la capitale de la province;Zur Hauptstadt;Id?do prowincji stoecznej;Ir a provincia capital;Andare alla capitale della provincia;Ugrs a fprovincira;Pejt do provincie hlavnho msta;;;;;;x,
ONLY_HOST_SPEED;只有主C可以改[蛩俣取;Seul l'hte peut modifier la vitesse du jeu.;Nur der Host kann die Spielgeschwindigkeit ndern.;Tylko host moe zmieni?prdko gry.;Solo el anfitrin puede cambiar la velocidad del juego.;Solo l'host pu?modificare la velocit?di gioco.;Csak a hoszt llthatja be a jtk sebessgt.;Pouze hostitel me zmnit nastaven?rychlosti hry.;;;;;;x,,,
PW_GROWTH;增L;Croissance;Wachstum;Wzrost;Crecimiento;Crescita;Nvekeds;Rst;;;;;;x,,,,
NOPORTOTHERCONTINENT;@省不能通^任何方式B接到我的首都.;Cette province ne peut tre atteinte via aucun port reli??notre capitale.;Diese Provinz kann von keinem Hafen mit Landverbindung zur Hauptstadt erreicht werden.;Ta prowincja nie jest dostpna poprzez aden port poczony z nasz?stolic?;No se puede llegar a esta provincia a travs de ninguno de los puertos conectados con nuestra capital.;Questa provincia ?irraggiungibile tramite porti connessi alla nostra capitale.;Ez a provincia nem kzelthet?meg egy olyan kiktn keresztl sem, mely ssze van ktve a fprovincinkkal.;Do tto provincie se nelze dostat prostednictvm dnho pstavu pstupnho znaeho hlavnho msta.;;;;;;x,,,
RELATION_CHANGE_VALUE;估每年的化:;Changement annuel estim?:;Geschtzte jhrliche Vernderung;Przewidywana zmiana (rocznie):;Cambio anual estimado:;Cambiamento annuale stimato:;Becslt ves bevtel;Odhadovan?ron?zmna:;;;;;;x,,,,
TAG_CHANGE;家改$NEW$。\n;Le pays devient $NEW$.\n;Nation wechselt zu $NEW$.\n;Pastwo zmienia na $NEW$.\n;El pas cambia a $NEW$.\n;Il paese cambia in $NEW$.;Az llamforma megvltozott erre: $NEW$.\n;Zem?se mn?na $NEW$.\n;;;;;;x,,,,
PV_OCCUPIED_BY;Y被$NAME$最IW;Yoccupe par $NAME$W;YBesetzt von $NAME$W;YZajta przez $NAME$W;Yocupado por $NAME$W;Occupato da $NAME$W;YElfoglalta: $NAME$W;YOkupovno $NAME$W;;;;;;x,,,,
BG_COUNTRY;家：;PAYS :;NATION:;PASTWO:;PAS:;PAESE:;ORSZG:;ZEM?;;;;;;x,,,,
LOAD_GAME_FAILED;x取[蚴　;Le chargement du jeu a chou?;Konnte Spiel nicht laden.;Nie udao si?wczyta?gry.;Error al cargar la partida.;Impossibile caricare la partita.;A jtk betltse nem sikerlt;Hru nelze nahrt.;;;;;;x,,,,
MP_FEW_PLAYERS;你需要一以上的玩家才能_始[颉;Il vous faut plus d'un joueur pour commencer une partie.;Man braucht mehr als einen Spieler, um ein Spiel zu starten.;Do gry potrzeba wicej ni?jednego gracza.;Hace falta ms de un jugador para iniciar una partida.;Ti serve pi?di un giocatore per iniziare una partita.;Egynl tbb jtkosra van szksged ahhoz, hogy elkezdd a jtkot.;Sputn?hry vyaduje vc ne?jednoho hr徼e.;;;;;;x,,
NATIONALISM_LASTS;民族主x持m到;Le nationalisme dure jusqu'?Nationalismus dauert bis;Nacjonalizm trwa do;El nacionalismo dura hasta;Il nazionalismo dura fino a;A nacionalizmus fennll, amg;Nacionalismus zstane do;;;;;;x,,,
LEDGER_NO_GRAPH_DATA;Y料不足，o法生成D表。;Il n'y a pas encore suffisamment de donnes pour gnrer ce graphique.;Es sind noch zuwenig Daten verfgbar, um dieses Diagramm zu erschaffen;Nie ma wystarczajcych danych, aby wygenerowa?wykres.;An no hay datos suficientes para generar este grfico.;Non ci sono ancora abbastanza dati per generare questo grafico.;Mg nem ll elegend?adat a rendelkezsedre a grafikonok ksztshez.;Graf nelze vygenerovat (nedostatek dat).;;;;;;x,,
MENU_MESSAGES_RESET;重O默J;Rinitialiser les paramtres par dfaut;Grundeinst.;Ustawienia domylne;Restrablecer valores predeterminados;Ripristina i predefiniti;Alaprtkek visszalltsa;Resetovat nastaven?(obnovit vchoz?nastaven?;;;;;;x,,,,
COL_CONST_TIP_FROM_SHIP;殖民⒃$DATE$到_$LOCATION$。;Ce colon atteindra $LOCATION$ le $DATE$.;Dieser Kolonist erreicht $LOCATION$ am $DATE$.;Kolonista przybdzie do $LOCATION$ w dniu $DATE$.;Este colono llegar?a $LOCATION$ el $DATE$.;Questo colono raggiunger?$LOCATION$ il $DATE$.;A gyarmatosok vrhatan ekkor rkeznek $LOCATION$ tartomnyra: $DATE$.;Kolonista doraz?do $LOCATION$ k datu $DATE$.;;;;;;x,,,
STRAITS;M窄的Y$SEA$W海{⒃省份B接到Y$PROV$W;L'troit dtroit de Y$SEA$W relie cette province ?la province Y$PROV$W;Die schmale Strae ber Y$SEA$W verbindet diese Provinz mit Y$PROV$W;Wska cienina na: Y$SEA$W czy j?z prowincj?Y$PROV$W;El estrecho en Y$SEA$W conecta esta provincia con Y$PROV$W;Il piccolo stretto che attraversa Y$SEA$W collega questa provincia a Y$PROV$W;A tengeri szoros Y$SEA$W tengeren sszekti ezt a provincit a kvetkezvel:  Y$PROV$W;je vedouc?skrz Y$SEA$W spojuje tuto provincii s Y$PROV$W;;;;;;x,,,,
STRAITSDESC;M窄的海{允S不使用\船直接通^。此^域出F耻的t阻止穿行。;Les armes peuvent franchir les dtroits troits sans utiliser de navires de transport. Cependant, une flotte ennemie peut en empcher la traverse.;Schmale Meeresarme knnen von Armeen ohne die Hilfe von Transportern berquert werden. Allerdings knnen feindliche Flotten die berquerung blockieren.;Wskie cieniny mog?by?przekraczane przez armie bez koniecznoci uycia statkw transportowych. Flota nieprzyjaciela moe jednak blokowa?przepraw?;Los ejrcitos pueden cruzar estrechos sin la necesidad de transportes. Sin embargo, una flota enemiga puede bloquear el paso.;I piccoli stretti possono essere attraversati dagli eserciti senza l'utilizzo di mezzi. Tuttavia, una flotta nemica potrebbe bloccarne il passaggio.;A szorosokon szllthaj?nlkl tkelhetnek a csapataid, viszont az ellensges flotta nem tud thaladni rajtuk.;ji lze pekroit spozemnm vojskem i bez loQtva. Ale neptelsk?flotila me pechod blokovat.;;;;;;x
SAVE_DONE;GΥ嫱瓿骚W;GDoneW;GFertigW;GZrobioneW;GHechoW;GFattoW;GKszW;GHotovoW;;;;;;x,,,,
FOR_PLAYER;玩家:;Pour le joueur :;Fr Spieler:;Dla gracza:;Por el jugador:;Per giocatore:;Jtkosnak:;Vem hr徼m:;;;;;;x
FOR_AI;X:;Pour l'IA :;Fr KI:;Dla komputera:;Por la IA:;Per CPU:;Az AI-nak:;UI:;;;;;;x
MODIFIER_TECHNOLOGY_COST;科研花M;CoU de la technologie;Technologiekosten;;Coste tecnolgico;;;;;;;;;x
MODIFIER_REINFORCE_SPEED;增援速度;Accrotre la vitesse;Verstrkungsgeschwindigkeit;;Reforzar velocidad;;;;;;;;;x
UV_SHIPS;船：;Navires :;Schiffe:;;Barcos:;;;;;;;;;x
BATTLES_SCORE;痿Y：;Batailles :;Schlachten: ;;Batallas: ;;;;;;;;;x
ALLIANCE_EFFECT;cY$WHO$W同盟。\n;Alliance avec Y$WHO$W.\n;Bndnis mit $WHO$.;;Alianza con Y$WHO$W.\n;;;;;;;;;x
KILL_RULER_EFFECT;家I人Y$NAME$W去世了。\n;Le dirigeant actuel, (Y$NAME$W), va mourir.\n;Der aktuelle Herrscher ($NAME$) wird bald sterben.;;El actual gobernante (Y$NAME$W) morir?\n;;;;;;;;;x
KILL_LEADER_EFFECT;㈩IY$NAME$W去世了。\n;Le chef Y$NAME$W va mourir.\n;Anfhrer $NAME$ wird bald sterben.;;El lder Y$NAME$W morir?\n;;;;;;;;;x
SPAWN_EVENT;l生“$WHICH$”事件。\n;obtiendra l'vnement '$WHICH$'.\n;fhrt zum Ereignis '$WHICH$'.;;obtendr?el suceso '$WHICH$'.\n;;;;;;;;;x
MODIFIER_REMOVED;$WHERE$的$WHAT$⒈灰瞥。\n;$WHAT$ sera supprim?de $WHERE$.\n;$WHAT$ wird entfernt aus $WHERE$.;;$WHAT$ se eliminar?de $WHERE$.\n;;;;;;;;;x
LAND_ATTRITION;p耗;Attrition des units terrestres;Land-Verlustquote;;Desgaste terrestre;;;;;;;;;x
NAVAL_ATTRITION;海p耗;Attrition des units navales;See-Verlustquote;;Desgaste naval;;;;;;;;;x
STARTED;已_始;Commenc?Begonnen;; Iniciado ;;;;;;;;;x
WON;G倮;GGagn?GGewonnen;;GGanado;;;;;;;;;x
LOST;R失;RPerdu;RVerloren;;RPerdido;;;;;;;;;x
YOU_LOST;R你失×;RVous avez perdu;RVerloren;;RHas perdido;;;;;;;;;X
YOU_WON;G你倮了;GVous avez gagn?GGewonnen;;GHas ganado;;;;;;;;;X
OPTION_CHANGED;$FROM$改：$TO$;$FROM$ a chang?pour : $TO$;$FROM$ wurde gendert zu: $TO$;;$FROM$ ha cambiado a: $TO$;;;;;;;;;x
THE_YEAR_IS_BEFORE;在下列年份之前：;L'anne est antrieure ?Das Jahr ist vor;;El ao es anterior ;;;;;;;;;x
THE_YEAR_IS_AFTER;在下列年份之後：;L'anne est postrieure ?Das Jahr ist nach;;El ao es posterior ;;;;;;;;;x
HAVE_LESS_THAN;少於;Ont moins de ;Weniger haben als;;Tiene menos de ;;;;;;;;;x
HAVE_MORE_THAN;至少 ;Ont au moins;Mehr haben als;;Tiene al menos ;;;;;;;;;x
WAR_EXHAUSTION_MORE_THAN;鸲戎辽;L'puisement li??la guerre est au moins de;Kriegsmsigkeit mehr als;;Agotamiento blico de al menos ;;;;;;;;;x
WAR_EXHAUSTION_LESS_THAN;鸲壬凫;L'puisement li??la guerre est infrieur ?Kriegsmsigkeit weniger als;;Agotamiento blico inferior a ;;;;;;;;;x
HAVE_LESS_MANPOWER_THAN;人力少於 ;Ont moins de main-duvre que;Mehr Mannstrke haben als;;Tiene menos recursos humanos que ;;;;;;;;;x
HAVE_MORE_MANPOWER_THAN;人力至少 ;Ont une main-d'uvre d'au moins;Weniger Mannstrke haben als;;Recursos humanos al menos ;;;;;;;;;x
HAVE_CONTROL_OVER;控制 ;Contrlent;Kontrolle haben ber;;Control ;;;;;;;;;x
HAVENT_CONTROL_OVER;未控制 ;Ne contrlent pas;Keine Kontrolle haben ber;;NO?controla ;;;;;;;;;x
HAVENT_CORE;在下列省份]有核心：;N'ont pas de province principale dans;Keine Kernprovinz haben in;;NO?tiene un ncleo en ;;;;;;;;;x
HAVE_CORE_IN;在下列省份有核心：;Ont une province principale dans;Kernprovinz haben in;;Tiene un ncleo en ;;;;;;;;;x
HAVE_LESS_CITIES_THAN;碛械某鞘猩凫 ;Ont moins de villes que;Weniger Stdte haben als;;Tiene menos ciudades que ;;;;;;;;;x
HAVE_MORE_CITIES_THAN;碛谐鞘兄辽 ;Leur nombre de villes est au moins de;Mehr Stdte haben als;;Nmero de ciudades al menos ;;;;;;;;;x
HAVE_LESS_PORTS_THAN;碛械暮８凵凫 ;Leur nombre de ports d'attache est infrieur ?Weniger Hfen haben als ;;Tiene menos puertos de origen que ;;;;;;;;;x
HAVE_MORE_PORTS_THAN;碛械暮８壑辽 ;Leur nombre de ports d'attache est au moins de;Mehr Hfen haben als ;;Nmero de puertos de origen al menos ;;;;;;;;;x
HAVE_LESS_ALLIES_THAN;盟友瞪凫 ;Ont moins dallis que;Weniger Verbndete haben als;;Tiene menos aliados que ;;;;;;;;;x
HAVE_MORE_ALLIES_THAN;盟友抵辽 ;Leur nombre d'allis est au moins de;Mehr Verbndete haben als;;Nmero de aliados al menos ;;;;;;;;;x
IS_ENABLED; 可用; est activ?e); ist aktiviert;; est?activado;;;;;;;;;x
IS_DISABLED; 不可用; est dsactiv?e); ist deaktiviert;; est?desactivado;;;;;;;;;x
HAVE;碛 ;Ont ;Haben ;;Tiene ;;;;;;;;;x
HAVE_NOT;]有 ;N'ont PAS;Nicht haben ;;NO?tiene ;;;;;;;;;x
HAS;碛 ;A;Hat ;;Tiene ;;;;;;;;;x
HAS_NOT;]有 ;N'a PAS;Hat nicht ;;NO?tiene ;;;;;;;;;x
EXISTS; 存在; existe; existiert;; existe;;;;;;;;;x
DOSNT_EXISTS; 不存在; n'existe PAS; existiert nicht;; NO?existe;;;;;;;;;x
DO_NOT_HAVE_A;]有一 ;N'a pas de;Nichtverfgung ber;;NO tiene ;;;;;;;;;x
HAVE_A;有一 ;A un(e) ;Verfgung;;Tiene ;;;;;;;;;x
HAVE_LESS_PROVINCE_THAT_PRODUCES_THEN;生a$GOODS$的省份少於 ;Ont moins de provinces produisant $GOODS$ que;Weniger Provinzen mit Produktion von $GOODS$ haben als;;Menos provincias productoras de $GOODS$ que ;;;;;;;;;x
HAVE_MORE_PROVINCE_THAT_PRODUCES_THEN;生a$GOODS$的省份至少 ;Le nombre de provinces produisant $GOODS$ est au moins de;Mehr Provinzen mit Produktion von $GOODS$ haben als;;Provincias productoras de $GOODS$ al menos ;;;;;;;;;x
HAVE_AT_LEST_ONE_OWNED_NEIGHBORING_PROVINCE;至少碛腥缦乱R近省份：;Dtiennent au moins une province voisine telle que :;Mindestens eine besetzte Nachbarprovinz;;Tiene al menos una provincia adyacente como:;;;;;;;;;x
HAVE_NO_OWNED_NEIGHBORING_PROVINCE;]有碛腥缦乱R近省份：;Ne dtiennent pas de province voisine telle que :;Keine besetzte Nachbarprovinz;;No tiene provincias adyacentes como:;;;;;;;;;x
DO_NOT_OWN;]有 ;Ne possde PAS;Kein Besitz von;;NO?tiene ;;;;;;;;;x
OWNS;碛 ;Possde;Besitz von;;Tiene ;;;;;;;;;
DO_NOT_CONTROL;未控制 ;Ne contrle PAS;Keine Kontrolle ber;;NO?controla ;;;;;;;;;
CONTROLS;控制 ;Contrle;Kontrolliert;;Controla ;;;;;;;;;x
IS_NOT;不 ;N'est PAS;ist NICHT;;NO?es ;;;;;;;;;x
IS;是;Est;ist;;ES ;;;;;;;;;x
HAVE_THE_MODIFIER;有修正效果：;Ont le modificateur;Verfgung ber den Modifikator;;Tiene el modificador ;;;;;;;;;x
DONT_HAVE_THE_MODIFIER;]有修正效果：;N'ont PAS le modificateur;Nichtverfgung ber den Modifikator;;NO tiene el modificador ;;;;;;;;;x
DONT_HAVE_THE_PROVICEN_MODIFIER;有省份修正效果：;N'ont PAS le modificateur de province;Nichtverfgung ber den Provinzmodifikator;;NO tiene el modificador de provincia ;;;;;;;;;x
HAVE_THE_PROVINCE_MODIFIER;]有省份修正效果：;Ont le modificateur de province ;Verfgung ber den Provinzmodifikator;;Tiene el modificador de provincia ;;;;;;;;;x
HAVE_A_PORT_IN;在下列地^有港口：;disposent d'un port ?Hat einen Hafen in;;Tiene un puerto en ;;;;;;;;;x
HAVE_NOT_A_PORT_IN;在下列地^]有港口：;ne disposent PAS d'un port ?Hat keinen Hafen in;;NO?tiene un puerto en ;;;;;;;;;x
HAVE_COUNTRY_FLAG;碛家量：;Ont un drapeau national;Nationalflagge haben;;Tiene la bandera nacional ;;;;;;;;;x
HAVE_NOT_COUNTRY_FLAG;]有家量：;N'ont PAS le drapeau national;Keine Nationalflagge haben;;NO tiene la bandera nacional ;;;;;;;;;x
HAVE_PROVINCE_FLAG;有省份量：;Ont un drapeau provincial;Provinzflagge haben;;Tiene la bandera de la provincia ;;;;;;;;;x
HAVE_NOT_PROVINCE_FLAG;]有省份量：;N'ont pas le drapeau provincial;Keine Provinzflagge haben;;NO tiene la bandera de la provincia ;;;;;;;;;x
IS_NOT_ON_THE_CONTINET;不在大上 ;N'est PAS sur le continent;Befindet sich nicht auf dem Kontinent;; NO est?en el continente ;;;;;;;;;x
IS_ON_THE_CONTINET;在大上 ;Est sur le continent;Befindet sich auf dem Kontinent;; est?en el continente ;;;;;;;;;x
DONT_HAVE_A_X_INY;在$Y$]有$X$;N'ont PAS de $X$ dans $Y$;Kein $X$ in $Y$ haben;;No tiene un(a) $X$ en $Y$;;;;;;;;;x
HAVE_A_X_INY;在$Y$有$X$;Ont un(e) $X$ dans $Y$;Ein $X$ in $Y$ haben;;Tiene un(a) $X$ en $Y$;;;;;;;;;x
PURE_REVOLT_RISK_LOWER_THAN;基A反叛LU低於 ;Risque de rvolte de base infrieure ?Grund-Revoltenrisiko geringer als;;Riesgo de levantamiento bsico inferior a ;;;;;;;;;x
PURE_REVOLT_RISK_HIGHER_THAN;基A反叛LU至少 ;Le risque de rvolte de base est au moins de;Grund-Revoltenrisiko grer als;;Riesgo de levantamiento bsico de al menos ;;;;;;;;;x
REVOLT_RISK_LOWER_THAN;反叛LU低於 ;Risque de rvolte infrieur ?Revoltenrisiko geringer als;;Riesgo de levantamiento inferior a ;;;;;;;;;x
REVOLT_RISK_HIGHER_THAN;反叛LU至少 ;Risque de rvolte d'au moins;Revoltenrisiko grer als;;Riesgo de levantamiento de al menos ;;;;;;;;;x
IS_NOT_NEIGHBOUR_WITH;]有接 ;N'est pas limitrophe de;Ist kein Nachbar von;;NO es adyacente ;;;;;;;;;x
IS_NEIGHBOUR_WITH;有接 ;Est limitrophe de;Ist Nachbar von;;Vecinos ;;;;;;;;;x
HAVE_LESS_UNITS_IN_THAN;在$PROVINCE$的部少於 ;Ont, dans la province $PROVINCE$, un nombre d'units infrieur ?Weniger Einheiten in $PROVINCE$ haben als;;Tiene menos unidades en $PROVINCE$ que ;;;;;;;;;x
HAVE_MORE_UNITS_IN_THAN;在$PROVINCE$的部至少;Ont, dans la province $PROVINCE$, un nombre d'units d'au moins;Mehr Einheiten in $PROVINCE$ haben als;;Unidades en $PROVINCE$ al menos ;;;;;;;;;x
HAVE_MORE_THAN_INFANTRY_IN;在$PROVINCE$的步兵抵辽;Ont au moins $UNITS$ units d'infanterie dans la province $Province$;Verfgung ber mehr als $UNITS$ Infanterie in $Province$;;Tiene al menos $UNITS$ de infantera en $Province$;;;;;;;;;x
HAVE_LESS_THAN_INFANTRY_IN;在$PROVINCE$的步兵瞪凫;Ont moins de $UNITS$ units d'infanterie dans la province $Province$;Verfgung ber weniger als $UNITS$ Infanterie in $Province$;;Tiene menos $UNITS$ de infantera en $Province$;;;;;;;;;x
IS_AT_PEACE_WITH;c如下家保持和平;Est en paix avec ;Ist im Frieden mit;;Est?en paz con ;;;;;;;;;x
IS_AT_WAR_WITH;c如下家_;Est en guerre contre;Ist im Krieg mit;;Est?en guerra con ;;;;;;;;;x
HAS_NO_TRUCE_WITH;c如下家未休 ;N'observe PAS de trve avec ;Hat keine Waffenruhe mit ;;No tiene tregua con ;;;;;;;;;x
HAS_TRUCE_WITH;c如下家休 ;Ont une trve avec;Hat Waffenruhe mit ;;Tiene tregua con ;;;;;;;;;x
HAVE_NO_UNITS_IN_BATTLE;]有痿Y中的部;N'ont pas d'units au combat;Keine Einheiten in der Schlacht haben;;No tiene unidades en combate;;;;;;;;;x
HAVE_UNITS_IN_BATTLE;有痿Y中的部;Ont des units au combat;Einheiten in der Schlacht haben;;Tiene unidades en combate;;;;;;;;;x
HAVE_A_UNITS_WITH_A_LEADER;有指]官率I的;Ont une unit?avec un leader;Einheit mit einem Anfhrer haben;;Tiene una unidad con un lder;;;;;;;;;x
HAVE_NO_UNITS_WITH_A_LEADER;]有指]官率I的;N'ont pas d'unit?avec un leader;Keine Einheit mit einem Anfhrer haben;;No tiene unidades con lder;;;;;;;;;x
HAVE_A_NAVY_SMALLER_THAN;海船少於 ;Ont une flotte plus petite que ;Kleinere Marine haben als;;Tiene una armada menor que ;;;;;;;;;x
HAVE_A_NAVY_LARGER_THAN;所有海船至少 ;La taille totale de la flotte est d'au moins;Grere Marine haben als;;Tamao total de la armada al menos ;;;;;;;;;x
HAVE_A_ARMY_SMALLER_THAN;少於 ;Ont une arme plus petite que;Kleinere Armee haben als;;Tiene un ejrcito menor que ;;;;;;;;;x
HAVE_A_ARMY_LARGER_THAN;所有至少 ;La taille totale de l'arme est d'au moins;Grere Armee haben als;;Tamao total del ejrcito al menos ;;;;;;;;;x
HAVE_A_PERCENTAGE_OF_OVERSEAS_PROVINCE_LARGER_THAN;海外省份百分比至少 ;Le pourcentage de provinces outremer est d'au moins;Greren Prozentsatz an berseeprovinzen haben als;;Porcentaje de provincias de ultramar al menos ;;;;;;;;;x
HAVE_A_PERCENTAGE_OF_OVERSEAS_PROVINCE_SMALLER_THAN;海外省份百分比少於 ;Le pourcentage de provinces outremer est infrieur ?Geringeren Prozentsatz an berseeprovinzen haben als;;Porcentaje de provincias de ultramar menor que ;;;;;;;;;x
HAVE_NOT_THE_LEADER;]有㈩I ;N'ont PAS de leader;Nichtverfgung ber den Anfhrer;;NO tiene al lder ;;;;;;;;;x
HAVE_THE_LEADER;有㈩I ;Ont un leader;Verfgung ber den Anfhrer;;Tiene al lder ;;;;;;;;;x
HAVE_N0T_ALLIANCE_WITH;]有c下列家Y盟 ;Ne sont pas allis ?Kein Bndnis haben mit;;No est?aliado con ;;;;;;;;;x
HAVE_ALLIANCE_WITH;c下列家Y盟 ;Sont allis avec;Bndnis haben mit;;Aliado con ;;;;;;;;;x
PROVINCE_IS_NOT;省份ID不是 ;L'identification de la province n'est PAS;Provinz ist nicht;;La ID de la provinvia NO?es ;;;;;;;;;x
PROVINCE_IS;省份ID是 ;L'identification de la province est;Provinz ist;;La ID de la provincia es ;;;;;;;;;x
LESS_THAN;少於;moins de; geringer als;; menor que;;;;;;;;;x
GREATER_THAN;至少;au moins; grer als;; al menos;;;;;;;;;x
HAVE_MORE_MANPOWER_THEN_MAXIMUM;最大人力至少;Disposent plus de main-d'uvre que le maximum;Grere Mannstrke haben als maximal;;Tiene al menos unos recursos humanos mximos;;;;;;;;;x
HAVE_LESS_MANPOWER_THEN_MAXIMUM;最大人力少於;Ont moins de main-d'uvre que le maximum;Geringere Mannstrke haben als maximal;;Tiene menos que el mximo de recursos humanos;;;;;;;;;x
HAVE_LESS_BADBOY_THAN;“好鸲取鄙凫 ;"Ont un nombre de ""voyous"" infrieur ?;Geringeren Aggressionswert haben als ;;"Tiene menos ""tipo malo"" que ";;;;;;;;;x
HAVE_MORE_BADBOY_THAN;“好鸲取敝辽 ;"Ont un nombre de ""voyous"" au moins gal ?;Greren Aggressionswert haben als ;;"Tiene ""tipo malo"" de al menos ";;;;;;;;;x
THE_NUMBER_OF_REVOLT_FRACTION_IS_MORE_THAN;反叛中省份盗恐辽 ;Le nombre de provinces se rvoltant est d'au moins;Die Revoltenanteil ist grer als;;Nmero de provincias rebeldes de al menos ;;;;;;;;;x
THE_NUMBER_OF_REVOLT_FRACTION_IS_LESS_THAN;反叛中省份盗可凫 ;Nombre de provinces se rvoltant infrieur ?Die Revoltenanteil ist geringer als;;Menos provincias rebeldes que ;;;;;;;;;x
TECHNOLOGY_LOWER_THAN;低於 ; infrieur(e) ? geringer als ;; menor que ;;;;;;;;;x
TECHNOLOGY_HIGHER_THAN;至少 ;au moins; hher als ;; al menos ;;;;;;;;;x
HAVE_NOT_ANY_NEIGHBOR;]有近省份;N'ont pas de voisins;Keine Nachbarn haben;;No tiene vecinos;;;;;;;;;x
HAVE_ANY_NEIGHBOR;有至少一近省份;Ont au moins un voisin;Nachbarn haben;;Tiene al menos un vecino;;;;;;;;;x
HAVE_NOT_CASUS_BELLI_AGAINST;ο铝家]有I土要求 ;Ne revendiquent PAS;Keinen Kriegsgrund haben gegen;;No tiene reivindicaciones contra ;;;;;;;;;x
HAVE_CASUS_BELLI_AGAINST;ο铝家有I土要求 ;Revendiquent;Kriegsgrund haben gegen;;Tiene reivindicaciones contra ;;;;;;;;;x
IS_NOT_AI;不AI;N'est pas contrl?par l'IA;Ist nicht KI;;NO?es de la IA;;;;;;;;;x
IS_AI;AI;Est contrl?par l'IA;Ist KI;;Es de la IA;;;;;;;;;x
THEN_NUMBER_OF_REVOLTS_ARE_LESS_THAN;不M省份盗可凫;Le nombre de provinces rebelles est infrieur ?Revoltenanzahl geringer als;;Menos provincias rebeldes que ;;;;;;;;;x
THEN_NUMBER_OF_REVOLTS_ARE_MORE_THAN;不M省份盗恐辽;Le nombre de provinces rebelles est d'au moins;Revoltenanzahl grer als;;Nmero de provincias rebeldes de al menos ;;;;;;;;;x
OR_TRIGGER_STARTS;符合下列l件之一;L'un des lments suivants doit tre vrai;Einer folgenden Punkte muss zutreffen;;Uno de los siguientes debe de ser la verdad;;;;;;;;;x
NEIGHBOR_COUNTRY_STARTS;;Pays voisin;Nachbarland startet;;Pas vecino;;;;;;;;;x
TRIGGER_NUM;序;Num dclencheur;Auslserzahl;;Nm. de alcance;;;;;;;;;x
TRIGGER_ALLY;任何盟友;Tout alli?Beliebiger Bndnispartner;;Cualquier aliado;;;;;;;;;x
TRIGGER_OWNER;省份所有者;Propritaire de la province;Provinzeigentmer;;Propietario de la provincia;;;;;;;;;x
TRIGGER_CONTROLLER;省份控制者;Contrleur de la province;Provinzkontrolleur;;Controlador de la provincia;;;;;;;;;x
TRIGGER_CAPITAL;首都;Capitale;Hauptstadt;;Capital;;;;;;;;;x
TRIGGER_SEA_ZONE;外海;Zone maritime extrieure;Seezone auerhalb;;Zona martima exterior;;;;;;;;;x
TRIGGER_THIS;@;Cet(te);Dies;;Esto;;;;;;;;;x
TRIGGER_FROM;;De;Von;;De;;;;;;;;;x,,,
TRIGGER_LOCAL_ENEMY;本地耻;Ennemi local;Lokaler Feind;;Enemigo local;;;;;;;;;x,,,
CONFIRMBUILDTEXTLEDGER;您_定在要在$PROVINCE$修建$BUILDING$幔;Voulez-vous vraiment construire $BUILDING$ dans la province $PROVINCE$ ?;Mchten Sie wirklich $BUILDING$ in $PROVINCE$ bauen?;;Seguro que quieres construir un(a) $BUILDING$ en $PROVINCE$?;;;;;;;;;x,,,
CORE_IS_REVOLTER_CAPITAL;@是@家的在首都。;C'est la capitale potentielle de cette nation.;Dies ist die potentielle Hauptstadt dieser Nation.;;sta es la capital potencial de esta nacin.;;;;;;;;;x,,,
REVOLTRISK_EFFECT;在$WHERE$的[舳$DIRECTION$ $VALUE$.\n;$DIRECTION$ $VALUE$ risque de rvolte ?$WHERE$.\n;$DIRECTION$ $VALUE$ Revoltenrisiko in $WHERE$.\n;;$DIRECTION$ $VALUE$ riesgo de levantamiento en $WHERE$.\n;;;;;;;;;x,,,
LEDGER_CANT_BUILD_THIS_TECH;你F在的科技等不足以允S你建造@建B;Votre niveau actuel en technologie ne vous permet pas de construire ce btiment;Ihre momentane Technologiestufe erlaubt Ihnen noch nicht den Bau dieses Gebudes;;Tu actual nivel tecnolgico no te permite la construccin de este edificio;;;;;;;;;x ,,,
LEDGER_CANT_BUILD_THIS_FULL;已在所有省份建成;Dj?construit par toutes les provinces;Schon in allen Provinzen gebaut;;Ya se ha construido en todas las provincias;;;;;;;;;x ,,,
LEDGER_OVERALL;全部;Tout;Alles;;General;;;;;;;;;x,,,
FROM_TECHNOLOGY;科技加成;?partir de la technologie;Von Technologie;;De tecnologa;;;;;;;;;x,,,
THEYGUARANT;他保C了我的立，因此我不能保C他的立。;Ils sont garants de notre indpendance, nous ne pouvons donc pas garantir la leur.;Sie garantieren unsere Unabhngigkeit. Wir knnen deshalb nicht ihre Unabhngigkeit garantieren.;;Garantizan nuestra independencia, por lo que no podemos garantizar la suya.;;;;;;;;;x,
THEYWARN;他警告了我，因此我不能警告他。;Ils nous ont dj?averti, nous ne pouvons donc pas faire de mme.;Sie haben uns gewarnt, und wir knnen sie deshalb nicht warnen.;;No estn advirtiendo, por lo que no podemos advertirles a ellos.;;;;;;;;;x
WCRD_GUA;我保C他的立。;Nous avons garanti leur indpendance.;Wir haben ihre Unabhngigkeit garantiert.;;Hemos garantizado su independencia.;;;;;;;;;x,,,
WCRD_WARNING;我已警告$WHO$@是他最後的I土要求。;Nous avons averti $WHO$ que ce serait leur dernire revendication territoriale.;Wir haben $WHO$ gewarnt, keinen Krieg zu beginnen.;;Hemos advertido a $WHO$ que sta debera ser su ltima exigencia territorial.;;;;;;;;;x,,,
VARIABLE;量 ;Variable;Variable ;;Variable ;;;;;;;;;x,,,
IS_GREATER_THAN;大於 ;est suprieur ? ist grer als ;; es mayor que ;;;;;;;;;x,,,
IS_EQUAL_OR_LESS_THAN;等於或少於 ;est infrieur ou gal ? ist gleich gro?oder geringer als ;; es igual o inferior que ;;;;;;;;;x,,,
IS_NOT_OVERSEAS;不凫逗Ｍ;n'est pas outremer; ist nicht in bersee;; no es de ultramar;;;;;;;;;x
IS_OVERSEAS;凫逗Ｍ;est outremer; ist in bersee;; es de ultramar;;;;;;;;;x
RANDOM_EFFECT;有Y$CHANCE$W%的C率;Y$CHANCE$W% de chances de;$CHANCE$% Chance auf \n;;Y$CHANCE$W% probabilidades de ;;;;;;;;;x
RANDOM_LIST_EFFECT;l生Y$SIZE$Wx中的一N。\n;L'une des options Y$SIZE$W prendra effet.\n;eine von $SIZE$ Optionen wird eintreten.\n;;Se producir?una de las opciones de Y$SIZE$W.\n;;;;;;;;;x
ANY_PROVINCE_STARTS;任何碛械氖》;Toute province dtenue;Jede Provinz in Besitz;;Cualquier provincia en propiedad;;;;;;;;;x
EFFECT_AND;和;et;und;;... y;;;;;;;;;x
EFFECT_MORE;更多。;davantage.;mehr.;;Ms;;;;;;;;;x
OUR_RULER;我的y治者;Notre dirigeant;Unser Herrscher;;Nuestro gobernante;;;;;;;;;x
THEIR_RULER;他的y治者;Leur dirigeant;Ihr Herrscher;;Su gobernante;;;;;;;;;x
OCCUPIED_PROVINCES;最I的省份;Provinces occupes;Besetzte Provinzen;;Provincias ocupadas;;;;;;;;;x
CREATE_REBELS;R$SIZE$Y $TYPE$WF在Y$WHERE$Wl恿伺y。\n;R$SIZE$Y rgiment(s) $TYPE$W  se rvoltent ?Y$WHERE$W.\n;R$SIZE$Y $TYPE$W Regiment(er) erheben sich in Y$WHERE$W.\n;;R$SIZE$Y regimiento(s) de $TYPE$W se rebelan en Y$WHERE$W.\n;;;;;;;;;x
NATIONALISM_LOWER_THAN;民族主x低於 ;Nationalisme infrieur ?Nationalismus geringer als;;Nacionalismo inferior a ;;;;;;;;;x
NATIONALISM_HIGHER_THAN;民族主x高於 ;Nationalisme suprieur ?Nationalismus hher als;;Nacionalismo superior a ;;;;;;;;;x
KNOWN_COUNTRY_STARTS;已知的家;Pays connu;Bekanntes Land;;Pas conocido;;;;;;;;;x
EXTRA_NATIONALISM_DESC;在$WHERE$，$DIRECTION$$VALUE$年的民族主x。\n;$DIRECTION$ $VALUE$ annes de nationalisme ?$WHERE$.\n;$DIRECTION$ $VALUE$ Jahre des Nationalismus in $WHERE$.\n;;$DIRECTION$ $VALUE$ aos de nacionalismo en $WHERE$.\n;;;;;;;;;x
HAVE_DIPLOMATIC_RELATION;c下列家有外交PS;entretient une relation de;Hat eine Beziehung von weniger als;;tiene una relacin de;;;;;;;;;x
WITHL;和;avec;mit;;con;;;;;;;;;x
WITHG;或更大的;ou suprieur ?oder mehr mit;;o mayor con;;;;;;;;;x
IS_NOT_IN_THE_REGION;不在^域;N'est PAS dans la rgion;Ist NICHT in der Region;;NO?est?en la regin ;;;;;;;;;x
IS_IN_REGION;在^域;Est dans la rgion;Ist in der Region;;Est?en la regin;;;;;;;;;x
NOT_OWNED_BY;不凫 ;n'est PAS dtenue par;Ist NICHT im Besitz von;;NO?es propiedad de ;;;;;;;;;x
OWNED_BY;凫 ;est dtenue par;Ist kein Eigentum von;;Es propiedad de ;;;;;;;;;x
NOT_CONTROLLED_BY;不被下列家控制 ;n'est PAS contrle par;Wird NICHT kontrolliert von;;NO est?controlada por ;;;;;;;;;x
CONTROLLED_BY;被下列家控制 ;Est contrle par;Wird kontrolliert von;;Est?controlada por ;;;;;;;;;x
RIVALSWITH;$LIST$天然κ帧;Affiche $LIST$ comme tant des rivaux naturels.;Sieht $LIST$ als natrliche Rivalen an.;;Ve a $LIST$ como rivales naturales.;;;;;;;;;x
THREATENEDBY;感到了$LIST$的威{。;Se sent menac?par $LIST$.;Fhlt sich bedroht von $LIST$.;;Se siente amenazada por $LIST$.;;;;;;;;;x
HAVE_NO_UNITS_IN;$COUNTRY$在$PROVINCE$]有部。;$COUNTRY$ n'a AUCUNE unit?dans la province $PROVINCE$.;$COUNTRY$ haben KEINE Einheiten in $PROVINCE$.;;$COUNTRY$ NO tiene unidades en $PROVINCE$.;;;;;;;;;x
HAVE_UNITS_IN;$COUNTRY$在$PROVINCE$有部。;$COUNTRY$ a des units dans la province $PROVINCE$.;$COUNTRY$ haben Einheiten in $PROVINCE$.;;$COUNTRY$ tiene unidades en $PROVINCE$.;;;;;;;;;x
NEIGHBOR_PROVINCE_STARTS;任何近省份;Toute province voisine;Jede benachbarte Provinz;;Cualquier provincia adyacente;;;;;;;;;x
AT_LEAST;至少;Au moins;Zumindest;;Al menos;;;;;;;;;x
IMMEDIATEEFFECT;立即a生如下效果：\n;Effet immdiat : \n;Sofortiger Effekt: \n;;Efecto inmediato: \n;;;;;;;;;x
IS_SUBJECT;是一附庸;Est une nation infode;Ist eine untergebene Nation;;Es una nacin vasalla;;;;;;;;;x
IS_NOT_SUBJECT;不是一附庸;N'est pas une nation infode;Ist keine untergebene Nation;;No es una nacin vasalla;;;;;;;;;x,,
DEFINE_RULER_EFFECT;Y$NAME$W成y治者。\n;Y$NAME$W devient dirigeant.\n;Y$NAME$W wird Herrscher.\n;;Y$NAME$W sube al poder.\n;;;;;;;;;x,,
friendly_regiments;友方部;Troupes amies;Freundliche Truppen;;Tropas amigas;;;;;;;;;x,,
ANY_ALL;任何/所有;Un(e)/tou(te)s;Alle;;Cualquiera/Todos;;;;;;;;;x,,
CANT_SEE_UNDER_FOW;]有更加深入本地^前不可能_定。;Ceci est impossible ?dterminer sans un accs plus approfondi ?la zone.;Das ist unmglich festzustellen, ohne weiteren Zugang zu dieser Region zu haben.;;No se puede determinar sin un mayor acceso a la zona.;;;;;;;;;x,
VASSAL_TIMER;@在在$DATE$前不可能提供。;Il est toutefois impossible de proposer ceci avant $DATE$.;Es ist allerdings nicht mglich, dies vor $DATE$ anzubieten.;;Aunque no se puede ofrecer antes de $DATE$.;;;;;;;;;x,
INDEF;Y束;Fin de;Ende von;;Fin de;;;;;;;;;x,,
MISS_DIST_CAPITAL;c首都的距x;Distance de la capitale;Distanz zur Hauptstadt;;Distancia desde la capital;;;;;;;;;x,,
FE_NUM_PLAYERS;玩家盗: $NUM$;Nombre de joueurs : $NUM$;Spieleranzahl: $NUM$;;Nmero de jugadores: $NUM$;;;;;;;;;x,,
IS_NOT_COUNTRY_CORE;不是$COUNTRYADJ$核心;N'est pas un $COUNTRYADJ$ principal;Ist KEINE $COUNTRYADJ$ Kernprovinz;;NO es un ncleo de $COUNTRYADJ$;;;;;;;;;x,,
IS_COUNTRY_CORE;是$COUNTRYADJ$核心;est un $COUNTRYADJ$ principal;Ist eine $COUNTRYADJ$ Kernprovinz;;Es un ncleo de $COUNTRYADJ$;;;;;;;;;x,,
ITS_OWNER;它的所有者;son propritaire;sein Besitzer;;su propietario;;;;;;;;;x,,
NOT_POSSIBLE_CAUSE;此由於以下l件不足е虏豢尚小;Impossible parce que les lments suivants sont faux.;Nicht mglich, da Folgendes nicht zutrifft.;;No es poible porque lo siguiente no es verdad.;;;;;;;;;x,
ALLOWED_CAUSE;此由於以下l件е驴尚小;Possible pour les raisons suivantes?Hier mglich, aufgrund von:;;Aqu?es posible debido a lo siguiente...;;;;;;;;;x
HAVE_MORE_MONEY_THAN;月收入至少 ;Revenu mensuel d'au moins;Monatliches Einkommen mindestens;;Ingresos mensuales de al menos ;;;;;;;;;x,,
HAVE_LESS_MONEY_THAN;月收入少於 ;Revenu mensuel infrieur ?Monatliches Einkommen weniger als;;Ingresos mensuales inferiores a ;;;;;;;;;x,,
TRIG_IS;是;est;ist;;es;;;;;;;;;x,
TRIG_ISNOT;不是;n'est pas;ist nicht;;no?es;;;;;;;;;x,
OPTIONS;x;OPTIONS;OPTIONEN;;OPTIONS;;;;;;;;;x,
Options;x;Options;Optionen;;Options;;;;;;;;;x,
Rulers;y治者;Dirigeants;Herrscher;;Rulers;;;;;;;;;x,
War Exhaustion;鸲;puisement de guerre;Kriegsmsigkeit;;War Exhaustion;;;;;;;;;x,
War Capacity;能力;Capacit?militaire;Kriegskapazitt;;War Capacity;;;;;;;;;x,
Battles;痿Y;Batailles;Schlachten;;Battles;;;;;;;;;x,
CANT_NEGOTIATE_UNTIL;我不能c反叛武bM行判，直到;Nous ne pouvons pas entreprendre de nouvelles ngociations avec les rebelles avant;Wir knnen mit den Rebellen nicht mehr verhandeln bis;;No podremos volver a negociar con lor rebeldes hasta;;;;;;;;;x,
WONT_NEGOTIATE;除非M足下列各否t不能c他M行判：;Ils ne ngocieront pas ?moins que les lments suivants soient vrais :;Sie werden nicht mit uns verhandeln, bis folgendes zutrifft:;;No negociarn a menos que lo siguiente sea verdad:;;;;;;;;;x
ALWAYS_FALSE;^不;Jamais;Niemals;;Nunca;;;;;;;;;x,
ALWAYS_TRUE;是;Toujours;Immer;;Siempre;;;;;;;;;x,
REMOVE_FOW;$COUNTRY$的迷F消散$MONTHS$月。;liminer le brouillard de guerre du pays $COUNTRY$ pendant $MONTHS$ mois.;Kriegsnebel von $COUNTRY$ fr $MONTHS$ Monate aufheben.;;Levantar niebla de guerra de $COUNTRY$ durante $MONTHS$ meses.;;;;;;;;;x,
IS_NOT_CAPITAL;不是首都省份;n'est pas une province capitale; ist keine Hauptstadtprovinz;; No es una provincia capital;;;;;;;;;x,
IS_CAPITAL;是首都省份;est une province capitale; ist eine Hauptstadtprovinz;; Es una provincia capital;;;;;;;;;x,
WAR_EXHUASTION_LABEL;鸲;puisement de guerre;Kriegsmsigkeit;;War Exhaustion;;;;;;;;;x,
WE_MODIFIED_BY;每月修正;Ceci est modifi?chaque mois.;Wird jeden Monat modifiziert um.;;Se modifica cada mes por;;;;;;;;;x,,,
WARE_EFFECTS;鸲犬a生了以下影：;Actuellement, l'puisement de guerre a ces effets.;Kriegsmsigkeit hat derzeit folgende Effekte:;;El agotamiento blico tiene los siguientes efectos.;;;;;;;;;x,,,
FOW_IS_NOT_LIFTED;迷F重新出F;Le brouillard de guerre n'est pas limin?Der Kriegsnebel ist nicht aufgehoben;;La niebla de guerra no se levanta;;;;;;;;;x,,,
FOW_IS_LIFTED;迷F消散了;Le brouillard de guerre est limin?Der Kriegsnebel ist aufgehoben;;La niebla de guerra se levanta;;;;;;;;;x,,,
HAVE_GLOBAL_FLAG;有全球旗 ;Disposent du drapeau mondial;Hat die globale Flagge;;Tiene la bandera global ;;;;;;;;;x,,,
HAVE_NOT_GLOBAL_FLAG;]有全球旗 ;Ne disposent PAS du drapeau mondial;Hat NICHT die globale Flagge;;NO tiene la bandera global ;;;;;;;;;x,,,
ANY_CORE_STARTS;任何核心家;Tout pays principal;Jede Kern-Nation;;Cualquier pas ncleo;;;;;;;;;x,,,
LIKELY_REBELS;可能反叛;Probablement rebelles;Wahrscheinliche Rebellen;;Probablemente rebeldes;;;;;;;;;x,,,
PROFIT_GAIN;@得;gain;Gewinn;;ganancia RDO;;;;;;;;;x,,,
PROFIT_LOSS;失去;perte;Verlust;;"prdida; damnificacin; baja; dao";;;;;;;;;x,,,
REINFORCE_INFO_TEXT;家人力充足r，每月可以在本地a充$VALUE$人。@省份的本地增援率Y$LOCAL$W%，外在我可以家用娅@得Y+$COUNTRY$W%的加成。;S'il y a suffisamment de main-d'uvre dans le pays, cette arme bnficiera de Y$VALUE$W hommes en renfort chaque mois ?cet endroit. Le taux de renforts local de cette province est de  Y$LOCAL$W% et nous bnficions d'un bonus de Y+$COUNTRY$W% grc;Mit genug Rekruten im Land wird diese Armee mit Y$VALUE$W Mnnern pro Monat in diesem Gebiet verstrkt werden. Die lokale Verstrkungsrate in dieser Provinz ist Y$LOCAL$W%, und wir bekommen einen Bonus von  Y+$COUNTRY$W% von den Werten unserer Nation.;;Si hay suficiente mano de obra en el pas, este ejrcito se reforzar?con Y$VALUE$W hombres cada mes en esta ubicacin. La tasa de refuerzos locales es de Y$LOCAL$W% en esta provincia, y obtenemos una bonificacin de Y+$COUNTRY$W% por los valores de nuestra nacin.;;;;;;;;;x
THE_MONTH_IS_BEFORE;在下列rg之前 ;Ceci est antrieur;Es ist vor;;Es antes ;;;;;;;;;x,,,
THE_MONTH_IS_AFTER;在下列rg之後 ;C'est au moins;Es ist zumindest;;Es de al menos ;;;;;;;;;x,,,
DM_MAX;最多;Avec un maximum de;Mit Maximum;;Con un mximo;;;;;;;;;x,,,
any_owned_province;任何碛械氖》;Toute province dtenue;Jede Provinz im Besitz;;Cualquier provincia en propiedad;;;;;;;;;x,,,
WEWAR;我於;Nous sommes en guerre;Wir sind im Krieg;Jestemy w stanie wojny;Estamos en guerra.;Siamo in guerra;Hborban llunk;Jsme ve vlce;;;;;;x,,,
STABHIT_FROM_MIL_ACCESS;碛熊事通行;Dispose d'un accs militaire;Hat Militrzugang;Maj?prawo przemarszu wojsk;Tiene acceso militar;ha l'accesso militare;Katonai hozzfrssel rendelkezik;M?vojensk?pstup;;;;;;x,,,,,
THEYATWAR;他於Br，我不能@幼觥;Nous ne pouvons pas faire ceci lorsqu'ils sont en guerre.;Wir knnen dies nicht tun, whrend sie im Krieg sind.;Nie moemy tego zrobi? kiedy prowadz?oni wojn?;No podemos hacer esto mientras estn en guerra.;Non possiamo farlo mentre sono in guerra.;Amg hborban llnak, erre nincs lehetsgnk;To nememe uinit, dokud jsou ve vlce.;;;;;;x
MS_BAD_VERSION;e`的版本。下d最新的a丁。;Mauvaise version. Veuillez tlcharger le dernier patch.;Falsche Version. Bitte installieren Sie das letzte Update von Paradox.;Za wersja. Prosimy o pobranie najnowszego patcha.;Versin errnea. Por favor, descarga el ltimo parche.;versione errata. Scarica l'ultima patch.;Rossz verzi? Krem, tltse le a legjabb patchet.;patn?verze. Sthnte aktuln?opravn?soubor.;;;;;;x,,
dice;骰子;D?Wrfel;Rzut koci?Dados;Dadi;Kocka;Kostka;;;;;;x,,,,,
OFFENSEDESCR;*;*;*;*;*;*;*;*;;;;;;x,,,,,
headline_tech;科研;TECHNOLOGIE;TECHNOLOGIE;;TECNOLOGA;;;;;;;;;x,,,,,
headline_prod;生a;PRODUCTION;PRODUKTION;;PRODUCCIN;;;;;;;;;x,,,,,
headline_diplo;外交;DIPLOMATIE;DIPLOMATIE;;DIPLOMACIA;;;;;;;;;x,,,,,
headline_politics;政治;POLITIQUE;POLITIK;;POLTICA;;;;;;;;;x,,,,,
headline_espionage;情;RENSEIGNEMENTS;AUFKLRUNG;;INTELIGENCIA;;;;;;;;;x,,,,,
CREATE_WAVES;建;Cration de vagues;Wellen schlagen;;Creacin de ondas;;;;;;;;;x,,,,,
annexation_of_austria;德W合;;;;;;;;;;;;;x,,,,,
bessarabia_to_the_soviet;割比_拉比oK;;;;;;;;;;;;;x,,,,,
bulgarian_claims_for_constanta;保加利要求康斯坦_;;;;;;;;;;;;;x,,,,,
british_intervention_spanish_civil_war;西班牙-英干涉;;;;;;;;;;;;;x,,,,,
claims_on_memel;要求梅梅;;;;;;;;;;;;;x,,,,,
croatia_independent;克_地立;;;;;;;;;;;;;x,,,,,
claims_on_bessarabia;要求比_拉比;;;;;;;;;;;;;x,,,,,
chinese_alliance_against_the_soviet;抗Ky一鹁;;;;;;;;;;;;;x,,,,,
czechoslovakia_annexed;吞憬菘怂孤宸タ;;;;;;;;;;;;;x,,,,,
defend_peruvian_territory;保lz的I土;;;;;;;;;;;;;x,,,,,
destruction_of_the_french_fleet;摧Х;;;;;;;;;;;;;x,,,,,
first_vienna_award;第一次S也{仲裁;;;;;;;;;;;;;x,,,,,
first_vienna_award_hungary;第一次S也{仲裁-匈牙利;;;;;;;;;;;;;x,,,,,
finnish_winter_war_has_begun;芬m冬季_始;;;;;;;;;;;;;x,,,,,
french_intervention_spanish_civil_war;西班牙-法干涉;;;;;;;;;;;;;x,,,,,
german_intervention_spanish_civil_war;西班牙-德干涉;;;;;;;;;;;;;x,,,,,
guarantee_the_independence_of_poland;保障波m立;;;;;;;;;;;;;x,,,,,
indochine_to_japan;日本最I印度支那;;;;;;;;;;;;;x,,,,,
industry_transfered_to_siberia_v1;D移部分工I至西伯利1;;;;;;;;;;;;;x,,,,,
industry_transfered_to_siberia_v2;D移部分工I至西伯利2;;;;;;;;;;;;;x,,,,,
industry_transfered_to_siberia_v3;D移部分工I至西伯利3;;;;;;;;;;;;;x,,,,,
italian_intervention_spanish_civil_war;西班牙-意大利干涉;;;;;;;;;;;;;x,,,,,
japan_demands_bases_in_indochina;日本要求印度支那;;;;;;;;;;;;;x,,,,,
japanese_pressure_on_siam;日本向暹_施;;;;;;;;;;;;;x,,,,,
lend_lease_act;租借法案;;;;;;;;;;;;;x,,,,,
mol_rib_pact;莫洛托夫-Ye特洛甫f定;;;;;;;;;;;;;x,,,,,
nd;_斯福新政;;;;;;;;;;;;;x,,,,,
russian_intervention_spanish_civil_war;西班牙-K干涉;;;;;;;;;;;;;x,,,,,
return_of_danzig_or_war;但苫;;;;;;;;;;;;;x,,,,,
swedish_materiel_and_volunteers;瑞典的志c湮镔Y;;;;;;;;;;;;;x,,,,,
soviet_accepts_mol_rib_pact;K接受莫洛托夫-Ye特洛甫f定;;;;;;;;;;;;;x,,,,,
second_vienna_award;第二次S也{仲裁;;;;;;;;;;;;;x,,,,,
the_treaty_of_munich_sudetenland;慕尼黑f定-K_德;;;;;;;;;;;;;x,,,,,
treaty_of_munich;慕尼黑f定;;;;;;;;;;;;;x,,,,,
the_finnish_winter_war;芬m冬季;;;;;;;;;;;;;x,,,,,
the_finnish_winter_war_intervention;芬m冬季-干涉;;;;;;;;;;;;;x,,,,,
the_finnish_winter_war_direct_intervention;芬m冬季-直接干涉;;;;;;;;;;;;;x,,,,,
the_molotov_ribbentrop_pact;莫洛托夫-Ye特洛甫f定;;;;;;;;;;;;;x,,,,,
the_reoccupation_of_the_rhineland;MR茵m;;;;;;;;;;;;;x,,,,,
the_great_officer_purge;大清洗;;;;;;;;;;;;;x,,,,,
the_destroyers_for_bases_agreement;逐Q基地;;;;;;;;;;;;;x,,,,,
the_annexation_of_albania;吞惆巴尼;;;;;;;;;;;;;x,,,,,
ultimatum_to_baltic_states;向波_的海三l出最後通牒;;;;;;;;;;;;;x,,,,,
ultimatum_to_greece;向希Dl出最後通牒;;;;;;;;;;;;;x,,,,,
us_occuption_of_iceland_and_greenland;控制格陵mc冰u;;;;;;;;;;;;;x,,,,,
us_gear_up_for_war;美T;;;;;;;;;;;;;x,,,,,
Imperial;帝;;;;;;;;;;;;;x,,,,,
ACEEPTED;同意;;;;;;;;;;;;;x,,,,,