Tag;英Z;法Z;德Z;;;;;;;;;;;
STRAT_RESOURCE_EXPLANATION;主要I的成T如果存在於世界的相同部分，可以分享I鹊鹇再Y源。II袖可以牧鼋咏的家那Y以相同的方式@取Y源。;;;;;;;;;;;;x;x
CONFIRM_REMOVEAll_TITLE;所有㈩I卸任;;;;;;;;;;;;x;x
CONFIRM_REMOVEALL_DESC;@⑹顾有㈩I乃所在的部卸任。注意@是不可逆的。;;;;;;;;;;;;x;x
REMOVE_ALL_LEADER;全部卸任;;;;;;;;;;;;x;x
GIESWAPOTHER_SETUP;他M建了傀儡政府。;;;;;;;;;;;;x;x
GIESWAPOTHER_HEADER;$minister_of_security$蟾;;;;;;;;;;;;x;x
GIESWAPOTHER_1;政府重建;;;;;;;;;;;;x;x
GIESWAPOTHER_2;$VICTIM$F在已成$FACTION$的傀儡。;;;;;;;;;;;;x;x
GIESWAPOTHER_3;$BOSS$已在$CAPITAL$M建了一个忠\的$GOVERNMENT$政府。;;;;;;;;;;;;x;x
GIESWAPOTHER_4;*;;;;;;;;;;;;x;x
GIESWAPOTHER_5;*;;;;;;;;;;;;x;x
GIESWAPOTHER_6;*;;;;;;;;;;;;x;x
GIESWAPOTHER_LOG;$BOSS$已$VICTIM$$FACTION$新的傀儡。;;;;;;;;;;;;x;x
GIESWAPOTHER_BTN1;好的;;;;;;;;;;;;x;x
GIESWAPOTHER_BTN2;好的;;;;;;;;;;;;x;x
GIESWAPOTHER_BTN3;查看;;;;;;;;;;;;x;x
GIESWAPOTHER_MAP;傀儡建立！;;;;;;;;;;;;x;x
GIESWAP_SETUP;我M建了傀儡政府。;;;;;;;;;;;;x;x
GIESWAP_HEADER;$minister_of_security$蟾;;;;;;;;;;;;x;x
GIESWAP_1;政府重建;;;;;;;;;;;;x;x
GIESWAP_2;$VICTIM$F在已成$FACTION$的傀儡。;;;;;;;;;;;;x;x
GIESWAP_3;我已在$CAPITAL$M建了一个忠\的$GOVERNMENT$政府。;;;;;;;;;;;;x;x
GIESWAP_4;*;;;;;;;;;;;;x;x
GIESWAP_5;*;;;;;;;;;;;;x;x
GIESWAP_6;*;;;;;;x;;;;;;x;x
GIESWAP_LOG;我已$VICTIM$$FACTION$新的傀儡。;;;;;;;;;;;;x;x
GIESWAP_BTN1;好的;;;;;;;;;;;;x;x
GIESWAP_BTN2;好的;;;;;;;;;;;;x;x
GIESWAP_BTN3;查看;;;;;;;;;;;;x;x
GIESWAP_MAP;傀儡建立！;;;;;;;;;;;;x;x
GIESWAPFORUS_SETUP;我的流亡政府成傀儡;;;;;;;;;;;;x;x
GIESWAPFORUS_HEADER;$minister_of_security$蟾;;;;;;;;;;;;x;x
GIESWAPFORUS_1;政府重建;;;;;;;;;;;;x;x
GIESWAPFORUS_2;我已成$FACTION$的傀儡。;;;;;;;;;;;;x;x
GIESWAPFORUS_3;$BOSS$已在$CAPITAL$M建了一个忠\的$GOVERNMENT$政府。;;;;;;;;;;;;x;x
GIESWAPFORUS_4;*;;;;;;;;;;;;x;x
GIESWAPFORUS_5;*;;;;;;;;;;;;x;x
GIESWAPFORUS_6;*;;;;;;x;;;;;;x;x
GIESWAPFORUS_LOG;$BOSS$已⑽$FACTION$新的傀儡。;;;;;;;;;;;;x;x
GIESWAPFORUS_BTN1;好的;;;;;;;;;;;;x;x
GIESWAPFORUS_BTN2;好的;;;;;;;;;;;;x;x
GIESWAPFORUS_BTN3;查看;;;;;;;;;;;;x;x
GIESWAPFORUS_MAP;傀儡建立！;;;;;;;;;;;;x;x
support_attack_eff;aoM攻效率;;;;;;;;;;;;x;x
strategic_redeployment_eff;鹇圆渴鹦率;;;;;;;;;;;;x;x
move_order_eff;移有率;;;;;;;;;;;;x;x
rebase_eff;海D鲂率;;;;;;;;;;;;x;x
reserves_eff;海後湫率;;;;;;;;;;;;x;x
patrol_eff;海巡效率;;;;;;;;;;;;x;x
intercept_eff;海r截效率;;;;;;;;;;;;x;x
sortie_eff;海突粜率;;;;;;;;;;;;x;x
convoy_escort_eff;o航\效率;;;;;;;;;;;;x;x
convoy_raid_eff;o航u粜率;;;;;;;;;;;;x;x
air_convoy_raid_eff;空o航u粜率;;;;;;;;;;;;x;x
transport_eff;\效率;;;;;;;;;;;;x;x
invasion_eff;侵入效率;;;;;;;;;;;;x;x
strategic_bomb_eff;鹇赞Z炸效率;;;;;;;;;;;;x;x
logistical_strike_eff;後勤打粜率;;;;;;;;;;;;x;x
runway_cratering_eff;C鲛Z炸效率;;;;;;;;;;;;x;x
installation_strike_eff;I房u粜率;;;;;;;;;;;;x;x
ground_attack_eff;地面攻粜率;;;;;;;;;;;;x;x
interdiction_eff;封i效率;;;;;;;;;;;;x;x
air_intercept_eff;空r截效率;;;;;;;;;;;;x;x
carrier_protection_eff;航母ol效率;;;;;;;;;;;;x;x
paradrop_mission_eff;空投效率;;;;;;;;;;;;x;x
port_strike_eff;港口u粜率;;;;;;;;;;;;x;x
naval_strike_eff;海突u效率;;;;;;;;;;;;x;x
rebase_to_carrier_eff;航母D鲂率;;;;;;;;;;;;x;x
nuke_mission_eff;核武器效率;;;;;;;;;;;;x;x
transport_supplies_mission_eff;ao\效率;;;;;;;;;;;;x;x
rebase_air_eff;空D鲂率;;;;;;;;;;;;x;x
air_reserve_eff;空後湫率;;;;;;;;;;;;x;x
air_superiority_eff;空效率;;;;;;;;;;;;x;x
join_fleet_eff;配合效率;;;;;;;;;;;;x;x
join_air_eff;空配合效率;;;;;;;;;;;;x;x
LEDGER_EXPERIENCE2;;;;;;;;;;;;;x;x
MAJORDECISIONOTHER_SETUP;他绦辛艘桓鲋卮Qh。;;;;;;;;;;;;x;x
MAJORDECISIONOTHER_HEADER;$foreign_minister$蟾;;;;;;;;;;;;x;x
MAJORDECISIONOTHER_1;$COUNTRY$;;;;;;;;;;;;x;x
MAJORDECISIONOTHER_2;l生了;;;;;;;;;;;;x;x
MAJORDECISIONOTHER_3;$EVENT$！;;;;;;;;;;;;x;x
MAJORDECISIONOTHER_4;$DESC$;;;;;;;;;;;;x;x
MAJORDECISIONOTHER_5;*;*;*;*;*;*;*;;;;;;x;x
MAJORDECISIONOTHER_6;*;*;*;*;*;*;*;;;;;;x;x
MAJORDECISIONOTHER_LOG;$COUNTRY$的Qh：$EVENT$。;;;;;;;;;;;;x;x
MAJORDECISIONOTHER_BTN1;好的;;;;;;;;;;;;x;x
MAJORDECISIONOTHER_BTN2;好的;;;;;;;;;;;;x;x
MAJORDECISIONOTHER_BTN3;*;*;*;*;*;*;*;;;;;;x;x
MAJORDECISIONOTHER_MAP;*;*;*;*;*;*;*;;;;;;x;x
HAVE_LESS_LEADERSHIP_THAN;碛蓄IЯι凫;;;;;;;;;;;;x;x
HAVE_MORE_LEADERSHIP_THAN;碛兄辽侑Y$VAL$WIЯΑ\n;;;;;;;;;;;;x;x
PROV_LEADERSHIP;$DIRECTION$ $VALUE$ IЯ於 $WHERE$。\n;;;;;;;;;;;;x;x
MODIFIER_AIR_BUILD_SPEED;空建Org;;;;;;;;;;;;x;x
MODIFIER_LAND_BUILD_SPEED;建Org;;;;;;;;;;;;x;x
MODIFIER_ROCKET_BUILD_SPEED;火箭建Org;;;;;;;;;;;;x;x
MODIFIER_TANK_BUILD_SPEED;b甲建Org;;;;;;;;;;;;x;x
MODIFIER_NAVAL_BUILD_SPEED;海建Org;;;;;;;;;;;;x;x
MODIFIER_FUEL_CONVERSION;燃料D化;;;;;;;;;;;;x;x
MODIFIER_TRICKLEBACK;亡恢;;;;;;;;;;;;x;x
MODIFIER_SOFT_ATTACK;非b甲M攻;;;;;;;;;;;;x;x
MODIFIER_HARD_ATTACK;b甲攻;;;;;;;;;;;;x;x
MODIFIER_NUKE_RESEARCH;核能研究速度;;;;;;;;;;;;x;x
MODIFIER_AMM_MOVEMENT_SPEED;C挝灰铀俣;;;;;;;;;;;;x;x
MODIFIER_WINTER_EFFECTS;寒冬效果;;;;;;;;;;;;x;x
MODIFIER_JUNGLE_EFFECTS;擦中Ч;;;;;;;;;;;;x;x
MODIFIER_LEADER_DEFENCE;㈩I防R;;;;;;;;;;;;x;x
MODIFIER_SW_NATIONAL_UNITY_EFFECT;鹇宰土P;;;;;;;;;;;;x;x
RESOURCE_BONUS_ALIGNMENT_TT;如果靠近一个I他⑾蜿II袖提供Y$RESOURCES$W。;;;;;;;;;;;;x;x
CAN_GIVE_STRAT_BONUS;足蚪咏以向Y$WHO$W提供Y$RESOURCES$W。;;;;;;;;;;;;x;x
CAN_GIVE_STRAT_BONUS_BUT_NONE;足蚪咏以向Y$WHO$W提供鹇再Y源，但他]有……;;;;;;;;;;;;x;x
EFF_NO_MORE_RES;⒉辉碛鹇再Y源。\n;;;;;;;;;;;;x;x
EFF_STRAT_RES;碛效Y$WHICH$W。\n;;;;;;;;;;;;x;x
HAS_NO_STRATEGIC_RESOURCE;]有鹇再Y源。\n;;;;;;;;;;;;x;x
HAS_STRATEGIC_RESOURCE;碛鹇再Y源。\n;;;;;;;;;;;;x;x
DOES_HAVE_STRATRES;碛效Y$NAME$W。\n;;;;;;;;;;;;x;x
DOES_NOT_HAVE_STRATRES;]有Y$NAME$W。\n;;;;;;;;;;;;x;x
PW_STRAT_RESOURCES;鹇再Y源;;;;;;;;;;;;x;x
STRAT_DET_RES_TT;$NAME$\n$EFFECT$\n$FROM$;;;;;;;;;;;;x;x
aluminium;X;;;;;;;;;;;;x;x
rubber;橡z;;;;;;;;;;;;x;x
heavy_water;重水;;;;;;;;;;;;x;x
uranium;;;;;;;;;;;;;x;x
tungsten;u;;;;;;;;;;;;x;x
fur;毛皮;;;;;;;;;;;;x;x
black_soil;黑土地;;;;;;;;;;;;x;x
cinchona;金u{;;;;;;;;;;;;x;x
helium;氦;;;;;;;;;;;;x;x
gold;S金;;;;;;;;;;;;x;x
horses;R匹;;;;;;;;;;;;x;x
antibiotics;抗生素;;;;;;;;;;;;x;x
ballbearings;球形S承;;;;;;;;;;;;x;x
prefab_ship_facilities;Au船舶O;;;;;;;;;;;;x;x
dockyard_facilities;造船O;;;;;;;;;;;;x;x
oil_refinery;石油精S;;;;;;;;;;;;x;x
automotive_industry;汽工I;;;;;;;;;;;;x;x
UNITBASEPROVINCE_INFO;此有Y$AMOUNT$W挝辉谶@Y，基地每天可以有效地修理Y$DAILY$W挝弧;;;;;;;;;;;;x;x
UW_BASE_AIR_SUPPLY_INFO;$NAME$前正以Y$VAL$%W的效率修理wC。它每天可以理Y$DAILY$W个空，@Y停v了Y$PLANES$W个。;;;;;;;;;;;;x;x
UW_BASE_NAVAL_SUPPLY_INFO;$NAME$前正以Y$VAL$%W的效率修理船。它每天可以理Y$DAILY$W艘船，@Y停v了Y$SHIPS$W艘。;;;;;;;;;;;;x;x
NO_CURR_EFFECTS_ON_NU;前家凝聚力]有受到任何影。;;;;;;;;;;;;x;x
EFFECT_SIZE_MOD_NU;模的化受到了以下因素的修正：;;;;;;;;;;;;x;x
UW_SUPPLY_STATUS2;每天消耗Y$CON$Wao而前一天@得了Y$VAL$%Wao。Y$FROM$W溆效Y$DAYS$W天的ao。;;;;;;;;;;;;x;x
UW_SUPPLY_FUEL2;每天消耗Y$CON$W燃料而前一天@得了Y$VAL$%W燃料。Y$FROM$W溆效Y$DAYS$W天的燃料。;;;;;;;;;;;;x;x
REMOVE_BRIGADE;移除旅：$NAME$\n;;;;;;;;;;;;x;x
BRIGADE_IN_COMBAT;於痿Y中的旅：$NAME$;;;;;;;;;;;;x;x
BRIGADE_NOT_IN_COMBAT;未於痿Y中的旅：$NAME$;;;;;;;;;;;;x;x
SCENARIO_DESERTFOX;沙漠之狐;;;;;;;;;;;;x;x
SCENARIO_DESERTFOX_DESC;西方沙漠鹨凼且贿B串的Y。英在埃及σ獯罄的侵略M行了反K⑵渲鹑肜比，甚至俘@了大量的意大利鸱。意\n大利不得不依靠埃亍ぢ∶④I下德部的介入才避免了全面的崩。S心部⑨γ塑l恿硕啻未笠模突\nu，每一次都迫使盟部向埃及後退，但盟也多次l臃KZ回失地。在第二次同r也是最K的S心攻葜校盟被\n氐昨入埃及。然而盟在阿拉曼重@倮KO法⑤S心氐昨出了利比。\n”镜慕Y束rg1943年1月1日;;;;;;;;;;;x;x
SCENARIO_bulge;突出部鹨;;;;;;;;;;;;x;x
SCENARIO_bulge_DESC;突出部鹨郏同r被Q阿登鹨郏是二鹬械最後一次大模攻荨Ｄ耸峭七M到海岸，包K消绫壤r的盟部，\n德希望能借此迫使盟で蠛推亩⒘α考中到|Q。l屿1944年12月16日的攻暨_成了缀跬耆的奇u，毫拥奶\n阻止了盟利用他巨大的空荨Ｈ欢，管初鸶娼荩猛烈的抵抗延了M攻亩使盟得以M行反簦同rD好的天\n庠试S他藉助其空的完整力量。M攻的失∈沟失去了用於防l西部境的部，盟也^m向德境妊杆偻七M。\n”镜慕Y束rg1945年4月1日;;;;;;;;;;;;x;x
SCENARIO_south;南M攻;;;;;;;;;;;;x;x
SCENARIO_south_DESC;盟及美希望通^p方禁\事物Y砥仁谷毡九c中之g的停止。相的，1941年12月7日，日本天皇向盟c\nr中立的美同r宣稹Ｈ毡镜闹饕目耸谦@取南方Y源地^如R戆u及荷|印度tu的廉r物Y。\n”镜慕Y束rg1942年8月6日;;;;;;;;;;;;x;x
SCENARIO_blue;{色行;;;;;;;;;;;;x;x
SCENARIO_blue_DESC;{色行邮堑於1942年夏季在俄_斯南部l起M攻的行哟。_始於6月28日的M攻最初@得了可喜的倮，但第六\nF在斯大林格勒被⑨峋屯Ｖ沽恕＿@右碚个A集F都面R在K反糁斜磺嗤寺K绲木薮笪ｋU。\n”镜慕Y束rg1942年12月31日;;;;;;;;;;;;x;x
SCENARIO_UNTHINKABLE;不可思h;;;;;;;;;;;;x;x
SCENARIO_UNTHINKABLE_DESC;英最初是了椭波m而匀，但二鸾Y束之後，波ms被K最IK由共a主x傀儡政府所控制。不可思h\n是厮诡D・丘吉提出的，他建h西方盟M攻KK保C自由波m的安全。\n”镜慕Y束rg1948年1月1日;;;;;;;;;;;;x;x
OURUNDERGROUNDREMOVED_SETUP;我的一个地下抵抗基地被摧;;;;;;;;;;;;x;x
OURUNDERGROUNDREMOVED_HEADER;$minister_of_intelligence$蟾;;;;;;;;;;;;x;x
OURUNDERGROUNDREMOVED_1;我在$COUNTRY$$PROV$;;;;;;;;;;;;x;x
OURUNDERGROUNDREMOVED_2;的地下抵抗基地;;;;;;;;;;;;x;x
OURUNDERGROUNDREMOVED_3;已被lFK摧;;;;;;;;;;;;x;x
OURUNDERGROUNDREMOVED_4;*;;;;;;;;;;;;x;x
OURUNDERGROUNDREMOVED_5;*;;;;;;;;;;;;x;x
OURUNDERGROUNDREMOVED_6;*;;;;;;;;;;;;x;x
OURUNDERGROUNDREMOVED_LOG;我在$PROV$的地下抵抗基地被摧;;;;;;;;;;;;x;x
OURUNDERGROUNDREMOVED_BTN1;好的;;;;;;;;;;;;x;x
OURUNDERGROUNDREMOVED_BTN2;好的;;;;;;;;;;;;x;x
OURUNDERGROUNDREMOVED_BTN3;查看;;;;;;;;;;;;x;x
OURUNDERGROUNDREMOVED_MAP;地下抵抗基地被摧В;;;;;;;;;;;;x;x
UNDERGROUNDREMOVED_SETUP;我摧б桓龅叵碌挚够地;;;;;;;;;;;;x;x
UNDERGROUNDREMOVED_HEADER;$minister_of_intelligence$蟾;;;;;;;;;;;;x;x
UNDERGROUNDREMOVED_1;一个位於下列省份的地下抵抗基地;;;;;;;;;;;;x;x
UNDERGROUNDREMOVED_2;$PROV$;;;;;;;;;;;;x;x
UNDERGROUNDREMOVED_3;已被lFK摧;;;;;;;;;;;;x;x
UNDERGROUNDREMOVED_4;*;;;;;;;;;;;;x;x
UNDERGROUNDREMOVED_5;*;;;;;;;;;;;;x;x
UNDERGROUNDREMOVED_6;*;;;;;;;;;;;;x;x
UNDERGROUNDREMOVED_LOG;我摧Я宋混$PROV$的地下抵抗基地;;;;;;;;;;;;x;x
UNDERGROUNDREMOVED_BTN1;好的;;;;;;;;;;;;x;x
UNDERGROUNDREMOVED_BTN2;好的;;;;;;;;;;;;x;x
UNDERGROUNDREMOVED_BTN3;查看;;;;;;;;;;;;x;x
UNDERGROUNDREMOVED_MAP;地下抵抗基地被摧В;;;;;;;;;;;;x;x
WE_NOT_GOVERNMENT_IN_EXILE;我不是流亡政府;;;;;;;;;;;;x;x
UNDERGROUNDS_NOT_PREPARED;我共$TOTAL$个地下抵抗挝恢挟前]有一个做好了起x洹;;;;;;;;;;;;x;x
UNDERGROUNDS_READY_TO_RISE;我共$TOTAL$个地下抵抗挝恢挟前有$VAL$个做好了起x洹;;;;;;;;;;;;x;x
FULL_RISING;有M的叛y！;;;;;;;;;;;;x;x
UNDERGROUND_NOT_STRONG_ENOUGH;力量不足。至少需要Y$LIMIT$W而前只有Y$CURRENT$W;;;;;;;;;;;;x;x
UNDERGROUND_STATUS;地下兵力：Y$CURRENT$W/Y$MAX$W;;;;;;;;;;;;x;x
MOBILIZE_PARTISANS;T附近的游絷T;;;;;;;;;;;;x;x
MOBILIZE_UNDERGROUND;在附近M地下抵抗基地;;;;;;;;;;;;x;x
DFEVTNAME1;增援到_;;;;;;;;;;;;x;x
DFEVTDESC1;一支增援部到_了塔拉布斯;;;;;;;;;;;;x;x
DFEVTOPTA1;好！;;;;;;;;;;;;x;x
DFEVTNAME11;非洲F到_;;;;;;;;;;;;x;x
DFEVTDESC11;德向我派出了埃亍ぢ∶④指]的“非洲F”。你知道我K不是特e需要他的椭，但既然他已砹四沁是需要好好利用。又一个到_了塔拉布斯。;;;;;;;;;;;;x;x
DFEVTNAME22;挝徽倩;;;;;;;;;;;;x;x
DFEVTDESC22;最高指]部命令@些挝磺巴其他^作稹;;;;;;;;;;;;x;x
DFEVTOPTA22;但我@旱氖逻]做完啊！;;;;;;;;;;;;x;x
DFEVTNAME24;火炬行;;;;;;;;;;;;x;x
DFEVTDESC24;部已通^海路到_了S希的北非I土;;;;;;;;;;;;x;x
DFEVTDESC26;火炬行邮怯⒚狼秩刖S希法北非I土的作穑其目耸乔宄北非的S心部亩第二年侵入南W做好洹;;;;;;;;;;;;x;x
DFEVTNAME27;短行;;;;;;;;;;;;x;x
DFEVTDESC27;短行佑身f弗④提出，是σ獯罄――德防Q的有限攻荩最K目耸量解除布克的城。;;;;;;;;;;;;x;x
DFEVTNAME31;G失布克;;;;;;;;;;;;x;x
DFEVTDESC31;布克已被意大利人Z回。由於@个重要的港口再次被他控制，他的ao⒌玫O大的改善亩有利於M入埃及。;;;;;;;;;;;;x;x
DFEVTOPTA31;我必Z回它！;;;;;;;;;;;;x;x
DFEVTNAME34;增援到_;;;;;;;;;;;;x;x
DFEVTDESC34;一支增援部到_了v山大;;;;;;;;;;;;x;x
DFEVTOPTA34;好！;;;;;;;;;;;;x;x
DFEVTNAME37;布克被！;;;;;;;;;;;;x;x
DFEVTDESC37;S心部在布克瞻了我。~外的部到硪哉救我的人。;;;;;;;;;;;;x;x
DFEVTDESC44;更多的部在北非登。;;;;;;;;;;;;x;x
DFEVTNAME70;入侵克里特;;;;;;;;;;;;x;x
DFEVTDESC70;情蟛块T指出德即l克里特u的入侵。小模的守潢不大可能猿值米　Ｗ罡咧]部命令沙漠鹨壑心苁〕龅乃有部前往增援克里特。;;;;;;;;;;;;x;x
DFEVTOPTA70;我只能省出一cc部;;;;;;;;;;;;x;x
DFEVTOPTB70;他想要多少我就派出多少！;;;;;;;;;;;;x;x
DFEVTOPTC70;前我o法派出增援;;;;;;;;;;;;x;x
DFEVTNAME71;入侵克里特――德倮;;;;;;;;;;;;x;x
DFEVTDESC71;德通^一龊甏蟮目战低灰u成功侵入了克里特u。通^控制@个重要的uZ，他可以M一步侵入塞浦路斯乃至埃及。;;;;;;;;;;;;x;x
DFEVTNAME72;入侵克里特――盟倮;;;;;;;;;;;;x;x
DFEVTDESC72;德K未取得空降突u克里特u的成功。他亡K重的”币馕蹲趴死锾u依然是|地中海一个秀的海空基地。;;;;;;;;;;;;x;x
DFEVTNAME84;⒗;;;;;;;;;;;;x;x
DFEVTDESC84;我的空刹斓降和意大利wC降落到了⒗的C觥：苊黠@S希法允SS心部M入@个地^，亩威{到我在伊拉克的防Q。@必被阻止。;;;;;;;;;;;;x;x
DFEVTOPTA84;@意味着;;;;;;;;;;;;x;x
DFEVTOPTB84;我F在很忙;;;;;;;;;;;;x;x
DFEVTNAME86;ao⒗;;;;;;;;;;;;x;x
DFEVTOPTA86;o他;;;;;;;;;;;;x;x
DFEVTOPTB86;他得靠自己;;;;;;;;;;;;x;x
DFEVTNAME87;後勤;;;;;;;;;;;;x;x
DFEVTDESC87;一部分燃料和ao已到_。;;;;;;;;;;;;x;x
FBEVTNAME1;增援到_;;;;;;;;;;;;x;x
FBEVTDESC1;同志，t最高指]部指派了第1、第4和第5坦克集F淼侥愕姆谰Q。用它碾碎{粹侵略者！;;;;;;;;;;;;x;x
FBEVTOPTA1;好！;;;;;;;;;;;;x;x
FBEVTDESC2;同志，t最高指]部已外卡弗加方面加入你的麾下。不惜一切代r保l祖！;;;;;;;;;;;;x;x
FBEVTDESC3;同志，由於你的防Q崩，t最高指]部已指派後前碓鲈。好好使用他。;;;;;;;;;;;;x;x
FBEVTDESC4;同志，t最高指]部已指派後淇哲前碓鲈。⒎ㄎ魉骨致哉呲s回去！;;;;;;;;;;;;x;x
FBEVTDESC5;④先生，高司令部已指派後洳筷前碓鲈。元首期待你快最I高加索地^的油田。;;;;;;;;;;;;x;x
FBEVTOPTA5;好！;;;;;;;;;;;;x;x
OUEVTNAME1;盟在南方倮;;;;;;;;;;;;x;x
OUEVTDESC1;我在南W的部已氐×α⒌奶K部。@意味着我可以向北方鹁Q派出增援部。;;;;;;;;;;;;x;x
OUEVTOPTA1;M展利！;;;;;;;;;;;;x;x
OUEVTNAME2;K在南方倮;;;;;;;;;;;;x;x
OUEVTDESC2;同志！我在南W的部已氐×速Y本主x叛徒的部。@意味着我光s的t可以@得更多的增援砟胨槲鞣降主x者！;;;;;;;;;;;;x;x
OUEVTOPTA2;盗亢唾|量都有保C;;;;;;;;;;;;x;x
OUEVTNAME4;日本加入共aH;;;;;;;;;;;;x;x
OUEVTDESC4;Kc日本帝署了盟s。m然他^非朋友，但他不得不合起抗他共同的橙耍和盟萘Α;;;;;;;;;;;;x;x
OUEVTNAME5;日本向盟投降;;;;;;;;;;;;x;x
OUEVTDESC5;由於本土被侵入，同r原子也摧Я怂不少城市，日本帝不得不向盟投降。太平洋地^的部⒑芸旌竭\到W洲以抗t色威{。;;;;;;;;;;;;x;x
OUEVTNAME11;允S使用核武器;;;;;;;;;;;;x;x
OUEVTDESC11;在θ毡具M行成功的核攻翎幔杜Ty允S使用@N新式武器抗K。;;;;;;;;;;;;x;x
OUEVTOPTA11;我希望]人l明它;;;;;;;;;;;;x;x
ENDGAMEHEADER_Battle_of_the_Bulge_GER_WIN;倮！;;;;;;;;;;;;x;x
ENDGAMEHEADER_Battle_of_the_Bulge_GER_LOSS;失。;;;;;;;;;;;;x;x
ENDGAMEHEADER_Battle_of_the_Bulge_USA_WIN;倮！;;;;;;;;;;;;x;x
ENDGAMEHEADER_Battle_of_the_Bulge_USA_LOSS;失。;;;;;;;;;;;;x;x
ENDGAMEBODY_Battle_of_the_Bulge_GER_WIN;我在@Y的倮使盟相信在W洲大的痿Y只奚更多的生命，只有和平判u是唯一的解Q方案。@游的部可以解放出硪约中精力Ω抖人，我o疑⒑芸⑺的K把他s到趵山|。;;;;;;;;;;;;x;x
ENDGAMEBODY_Battle_of_the_Bulge_GER_LOSS;我在@Y的失Q定了德的命\。我的p失o法a充，我再也]有足虻牟筷防R西部境了。]有增援的情r下，我在|Q的部也o法阻止K人的持mM攻。失∈潜厝坏模剩下的}HH是哪一方的橙耸紫鹊竭_柏林。;;;;;;;;;;;;x;x
ENDGAMEBODY_Battle_of_the_Bulge_USA_WIN;S着德的M攻完全停止，他已Ψ舫ㄩ_了大T。他的增援已消耗殆M，他的空已被摧В他的士庖呀崩。我的部已浜眠M入德，同r在|方K人也在以固定的步{M行M攻。;;;;;;;;;;;;x;x
ENDGAMEBODY_Battle_of_the_Bulge_USA_LOSS;我在@Y的失∈姑塑相信在W洲大的痿Y只奚更多的生命，只有和平判u是唯一的解Q方案。我只能期望K能享受一龈ゴ蟮倮。;;;;;;;;;;;;x;x
ENDGAMEBUTTON_Battle_of_the_Bulge_GER_WIN;M展利！;;;;;;;;;;;;x;x
ENDGAMEBUTTON_Battle_of_the_Bulge_GER_LOSS;稍微挫折;;;;;;;;;;;;x;x
ENDGAMEBUTTON_Battle_of_the_Bulge_USA_WIN;M展利！;;;;;;;;;;;;x;x
ENDGAMEBUTTON_Battle_of_the_Bulge_USA_LOSS;稍微挫折;;;;;;;;;;;;x;x
ENDGAMEHEADER_desert_fox_ENG_WIN;倮！;;;;;;;;;;;;x
ENDGAMEHEADER_desert_fox_ENG_LOSS;失。;;;;;;;;;;;;x
ENDGAMEHEADER_desert_fox_ITA_WIN;倮！;;;;;;;;;;;;x
ENDGAMEHEADER_desert_fox_ITA_LOSS;失。;;;;;;;;;;;;x
ENDGAMEBODY_desert_fox_ITA_WIN;S着我的ゴ倮，意大利的地中海帝再一次形成。埃及再一次{入我的控制，亩我可以Z回|非殖民地K且⒂人完全逐出中|。;;;;;;;;;;;;x
ENDGAMEBODY_desert_fox_ITA_LOSS;盟最K控制了非洲而意大利已敞_了防Q。士庥伸段o休止的一B串可u失《降到了v史最低c。公\的支持已氐姿ネ耍P於政c和平的已_始公_化。;;;;;;;;;;;;x
ENDGAMEBODY_desert_fox_ENG_WIN;S着⑤S心踢出非洲，我的o航船可以再一次通^地中海，避免不得不@^非洲的bh航程。我的下一步是侵入西西里u，意大利人在@Y♂崾獾吐洌Ρ就恋那秩胍苍S可以迫使他退出。;;;;;;;;;;;;x
ENDGAMEBODY_desert_fox_ENG_LOSS;由於失去了K伊士\河，我在地中海的命\已黯淡了。S心的一B串倮е孪惹氨３种辛⒌家越碓A向於S心集F，前我已到了碜晕靼嘌琅c土耳其的不安的音。;;;;;;;;;;;;x
ENDGAMEBUTTON_desert_fox_ITA_WIN;重生的_R！;;;;;;;;;;;;x
ENDGAMEBUTTON_desert_fox_ITA_LOSS;至少火庶c;;;;;;;;;;;;x
ENDGAMEBUTTON_desert_fox_ENG_WIN;攻糨S心的肋！;;;;;;;;;;;;x
ENDGAMEBUTTON_desert_fox_ENG_LOSS;L不勇色;;;;;;;;;;;;x
ENDGAMEBUTTON_Fall_Blau_ENG_LOSS;不勇色;;;;;;;;;;;;x;x
ENDGAMEHEADER_Fall_Blau_GER_WIN;倮！;;;;;;;;;;;;x;x
ENDGAMEHEADER_Fall_Blau_GER_LOSS;失。;;;;;;;;;;;;x;x
ENDGAMEHEADER_Fall_Blau_SOV_WIN;倮！;;;;;;;;;;;;x;x
ENDGAMEHEADER_Fall_Blau_SOV_LOSS;失。;;;;;;;;;;;;x;x
ENDGAMEBODY_Fall_Blau_GER_WIN;F在巴煊吞镆呀{入我的控制，我的燃料}已是^去式，而K人才需要面@个}了。斯大林格勒的失守同r也λ勾罅值耐信造成了O大的打簟Ｓ伸哆@些荩K的失〔辉龠bh了。;;;;;;;;;;;;x;x
ENDGAMEBODY_Fall_Blau_GER_LOSS;我攻莸氖〗o了K更多的rg砘妥畛醯p失，他或S很快l右淮畏簟，F在@看起得很持久了。;;;;;;;;;;;;x;x
ENDGAMEBODY_Fall_Blau_SOV_WIN;最近一次德的M攻已被挫。而我的部已浜快l臃簟＿@些法西斯侵略者⒑芸侵略祖而後悔f分！;;;;;;;;;;;;x;x
ENDGAMEBODY_Fall_Blau_SOV_LOSS;我]能成功阻止最近一次的德M攻，@泶耗斯科的防R造成可怕的影。;;;;;;;;;;;;x;x
ENDGAMEBUTTON_Fall_Blau_GER_WIN;莫斯科是下一个！;;;;;;;;;;;;x;x
ENDGAMEBUTTON_Fall_Blau_GER_LOSS;我_定明年更好;;;;;;;;;;;;x;x
ENDGAMEBUTTON_Fall_Blau_SOV_WIN;筹伏特加吧！;;;;;;;;;;;;x;x
ENDGAMEBUTTON_Fall_Blau_SOV_LOSS;筹伏特加吧;;;;;;;;;;;;x;x
ENDGAMEHEADER_Southern_Conquests_JAP_WIN;倮！;;;;;;;;;;;;x
ENDGAMEHEADER_Southern_Conquests_JAP_LOSS;失。;;;;;;;;;;;;x
ENDGAMEHEADER_Southern_Conquests_USA_WIN;倮！;;;;;;;;;;;;x
ENDGAMEHEADER_Southern_Conquests_USA_LOSS;失。;;;;;;;;;;;;x
ENDGAMEHEADER_Southern_Conquests_ENG_WIN;倮！;;;;;;;;;;;;x
ENDGAMEHEADER_Southern_Conquests_ENG_LOSS;失。;;;;;;;;;;;;x
ENDGAMEBODY_Southern_Conquests_JAP_WIN;我@得了保持我C器持m\行所需的FY源。S着@些地方{入控制，我的很快就可以⒚的N力量送入海洋深，@右硭除了接受我的和平l件外eox瘛;;;;;;;;;;;;x
ENDGAMEBODY_Southern_Conquests_JAP_LOSS;由於]有@得Ρ镜^珍FY源的控制，你宣蚜巳毡镜的缤觥：芸煳的o法再出航而我的C也o法再防l我的I空。天皇δ惴浅Ｊ望。;;;;;;;;;;;;x
ENDGAMEBODY_Southern_Conquests_USA_WIN;日本人φ渲楦鄣囊u羰浅Mu辱c愚蠢的一天。管他最初的M攻@得了@人的倮，但他在太平洋的入侵行舆是遭到了Q定性的失　Ｒ坏┧的原油浜谋M，他氐资去自l能力，亩不得不投降。;;;;;;;;;;;;x
ENDGAMEBODY_Southern_Conquests_USA_LOSS;日本人l恿艘幌盗蟹速度O快的入侵，F在已控制了他所^的“南方Y源^”。但是不Y束。在美，不嘣鲩L的正在大量生a武器和ao，wC和坦克，以及――更加重要的――一支新的。日本人在可能的r候享用他的Y源^吧，我回淼摹;;;;;;;;;;;;x
ENDGAMEBODY_Southern_Conquests_ENG_WIN;日本人φ渲楦鄣囊u羰浅Mu辱c愚蠢的一天。管他最初的M攻@得了@人的倮，但他在太平洋的入侵行舆是遭到了Q定性的失　Ｒ坏┧的原油浜谋M，他氐资去自l能力，亩不得不投降。;;;;;;;;;;;;x
ENDGAMEBODY_Southern_Conquests_ENG_LOSS;日本人l恿艘幌盗蟹速度O快的入侵，F在已控制了他所^的“南方Y源^”。但是不Y束。在美，不嘣鲩L的正在大量生a武器和ao，wC和坦克，以及――更加重要的――一支新的。然而，前我不得不p少我的p失，亩把北非放oS心。我的部⑥D\到|方以娜毡救说墓萸胺佬l澳大利和新西m。失去地中海是令人痛苦的，但τ⒙邦家的入侵更加不能容忍。;;;;;;;;;;;;x
ENDGAMEBUTTON_Southern_Conquests_JAP_WIN;M展利！;;;;;;;;;;;;x
ENDGAMEBUTTON_Southern_Conquests_JAP_LOSS;只有一N方式可以洗刷u辱……;;;;;;;;;;;;x
ENDGAMEBUTTON_Southern_Conquests_USA_WIN;真是反常表F;;;;;;;;;;;;x
ENDGAMEBUTTON_Southern_Conquests_USA_LOSS;我]_始痿Y！;;;;;;;;;;;;x
ENDGAMEBUTTON_Southern_Conquests_ENG_WIN;@不;;;;;;;;;;;;x
ENDGAMEBUTTON_Southern_Conquests_ENG_LOSS;到日本的回合了;;;;;;;;;;;;x
ENDGAMEHEADER_Unthinkable_SOV_WIN;倮！;;;;;;;;;;;;x
ENDGAMEHEADER_Unthinkable_SOV_LOSS;失。;;;;;;;;;;;;x
ENDGAMEHEADER_Unthinkable_USA_WIN;倮！;;;;;;;;;;;;x
ENDGAMEHEADER_Unthinkable_USA_LOSS;失。;;;;;;;;;;;;x
ENDGAMEHEADER_Unthinkable_ENG_WIN;倮！;;;;;;;;;;;;x
ENDGAMEHEADER_Unthinkable_ENG_LOSS;失。;;;;;;;;;;;;x
ENDGAMEBODY_Unthinkable_SOV_WIN;Y本主x侵略者已被。就像早於他的法西斯分子一印：芏嗍虑槎记宄了：送淼难ao|量低劣，第二龅拈_V也不嗤七t……我所^的“盟”@然希望我在c德人的痿Y中流乾r血，@赢他背叛我r我就o法抵抗了。但是光s的t把他都×耍;;;;;;;;;;;;x
ENDGAMEBODY_Unthinkable_SOV_LOSS;Y本主x走狗以背信x的M攻×宋。然，他也o法^m入侵祖，我被迫回到了鹎暗牟ㄌm|部境。然而，前已_始了一个五年重建，以及解_美人超炸z密的工作。一旦我的完成，西方其背叛行懊悔f分。但你看不到@些了，同志，斯大林δ愕某煽不太M意，所以你大概需要一次小小的旅行……;;;;;;;;;;;;x
ENDGAMEBODY_Unthinkable_USA_WIN;共a主x者已被。民主制度已在|W重建。;;;;;;;;;;;;x
ENDGAMEBODY_Unthinkable_USA_LOSS;共a主x者×宋，英已是民主制度在W洲最後一个堡玖恕;;;;;;;;;;;;x
ENDGAMEBODY_Unthinkable_ENG_WIN;W洲的F幕已被掀_，波m再次@得了自由！;;;;;;;;;;;;x
ENDGAMEBODY_Unthinkable_ENG_LOSS;波m依f於共a主x者的控制中，而且前W洲的^大部分都於相同的B：被K橙最I。;;;;;;;;;;;;x
ENDGAMEBUTTON_Unthinkable_SOV_WIN;了祖、su和自由！;;;;;;;;;;;;x
ENDGAMEBUTTON_Unthinkable_SOV_LOSS;西伯利再！;;;;;;;;;;;;x
ENDGAMEBUTTON_Unthinkable_USA_WIN;F在我得借Xo每个人了……;;;;;;;;;;;;x
ENDGAMEBUTTON_Unthinkable_USA_LOSS;回美了;;;;;;;;;;;;x
ENDGAMEBUTTON_Unthinkable_ENG_WIN;F在我肯定能B任了！;;;;;;;;;;;;x
ENDGAMEBUTTON_Unthinkable_ENG_LOSS;也S我多想想的;;;;;;;;;;;;x
B_UNDERGROUND;抵抗;;;;;;;;;;;;x;x
underground_short;地下抵抗基地;;;;;;;;;;;;x;x
MODIFIER_LOCAL_UNDERGROUND;本地地下抵抗;;;;;;;;;;;;x;x
SUPRESSION;;;;;;;;;;;;;x;x
CAN_NOT_ADD_WARGOAL_UNTIL;o法添加新的目酥钡涧Y$DATE$W;;;;;;;;;;;;x;x
WARDIALOG_SELECT_STATE;x褚桓雩Y地^主嘈QW。;;;;;;;;;;;;x;x
SPREAD_UNDERGROUND;展_地下抵抗Wj;;;;;;;;;;;;x;x
SPAWN_PARTISAN;催化[挝;;;;;;;;;;;;x;x
UNDERGROUND_ACTION_PARTISAN;快催化[挝;;;;;;;;;;;;x;x
UNDERGROUND_ACTION_SPREAD;快鞑サ叵碌挚咕Wj;;;;;;;;;;;;x;x
UNDERGROUND_ACTION_NONE;停止活K集Y力量;;;;;;;;;;;;x;x
FE_SCENARIOS;”;;;;;;;;;;;;x;x
INTEL_ARMIES;;;;;;;;;;;;;x;x
INTEL_AIR;空;;;;;;;;;;;;x;x
INTEL_NAVIES;海;;;;;;;;;;;;x;x
INTEL_MINISTERS;部L;;;;;;;;;;;;x;x
DISABLED_IN_SCENARIO;”冉止;;;;;;;;;;;;x;x
aquire_territory;@得I土;;;;;;;;;;;;x;x
aquire_territory_setup;$RECIPIENT$@得$STATE$Y。;;;;;;;;;;;;x;x
conquer;征服;;;;;;;;;;;;x;x
conquer_setup;征服$RECIPIENT$;;;;;;;;;;;;x;x
puppet;傀儡;;;;;;;;;;;;x;x
puppet_setup;在$RECIPIENT$M建一个忠的政府;;;;;;;;;;;;x;x
liberate_as_democracy;解放;;;;;;;;;;;;x;x
liberate_as_democracy_setup;解放$RECIPIENT$人民;;;;;;;;;;;;x;x
install_democracy;建立民主主x;;;;;;;;;;;;x;x
install_democracy_setup;在$RECIPIENT$建立民主制度！;;;;;;;;;;;;x;x
liberate_as_communist;解放;;;;;;;;;;;;x;x
liberate_as_communist_setup;解放$RECIPIENT$人民;;;;;;;;;;;;x;x
install_communism;建立共a主x;;;;;;;;;;;;x;x
install_communism_setup;向$RECIPIENT$鞑ト嗣窀锩;;;;;;;;;;;;x;x
civil_war_setup;碾碎$RECIPIENT$的分x主x者！;;;;;;;;;;;;x;x
vichy_war_goal;法;;;;;;;;;;;;x;x
vichy_war_goal_setup;法北部海岸⒊M攻英的良基地，同r一个的法政府可以接管南部。;;;;;;;;;;;;x;x
barbarossa_war_goal;向|U;;;;;;;;;;;;x;x
barbarossa_war_goal_setup;$RECIPIENT$，吞趵以西的一切。我只需要在T前踢一_，整座腐朽的建B就崩。;;;;;;;;;;;;x;x
japan_USA_goal;控制太平洋;;;;;;;;;;;;x;x
japan_USA_goal_setup;了保C大|共s圈的安全，我必控制太平洋上的所有$RECIPIENT$基地。;;;;;;;;;;;;x;x
restore_france;重建法;;;;;;;;;;;;x;x
restore_france_setup;KYS希傀儡政府K重建法m西的光s。;;;;;;;;;;;;x;x
MISSION_NONE;o;;;;;;;;;;;;x;x
our_finest_hour_title;我最x煌的r刻;;;;;;;;;;;;x;x
our_finest_hour_desc;S着法的。大部分民\揣y英o法支纬^六L。他低估了英人民和政府的精神。他⒂H行幼C明大英帝及英邦⒀永m上千年，人f@是他最x煌的r刻。;;;;;;;;;;;;x;x
the_united_nations_title;合;;;;;;;;;;;;x
the_united_nations_desc;我已f商了一合跳S，有超^三十个家Q定y起手K肩痿Y，唯一的目司褪窍缦Ｌ乩盏谋ＷC、日本的狂c墨索里尼的愚蠢。;;;;;;;;;;;;x
the_end_of_the_begining_title;_始的Y束;;;;;;;;;;;;x;x
end_of_the_begining;_始的Y束;;;;;;;;;;;;x 
the_end_of_the_begining_desc;我已M行了太多的痿Y而依然尚未倮，我或S可以⑦@Q之_始的Y束。;;;;;;;;;;;;x;x
blitzkrieg_decision_title;W;;;;;;;;;;;;x;x
blitzkrieg_decision_desc;e人湎裆弦淮一幼r，德⑾蚴澜缯宫F新的一面。;;;;;;;;;;;;x;x
destiny_title;命\;;;;;;;;;;;;x;x
destiny_desc;周的遏制c封i迫使德於1914年x窳，而|方的征服有效地解Q了@些}。允S德F其命\吧。;;;;;;;;;;;;x;x
defence_title;防R;;;;;;;;;;;;x;x
defence_desc;前Q的新非常冷酷，但尚未失去一切。新的高武器可以扭D局荩而我所需的HH是它服役的rg。;;;;;;;;;;;;x;x
for_the_mother_land_title;了祖;;;;;;;;;;;;x;x
for_the_mother_land_desc;真理蠓Q卑鄙的法西斯分子已ψ展_了M攻，@哼有更加可信的消息碓幔客志必武b起恚向侵略者展示俄_斯郝C的力量。;;;;;;;;;;;;x;x
great_patriotic_war_title;ゴ蟮男l;;;;;;;;;;;;x;x
great_patriotic_war_desc;法西斯侵略者已侵入了K，但t和t海炎抛晕奚的精神在KS埃的每一寸土地上B抵抗。K人民必而放所有幻想K且T起K重新Ｗ㈧r生a的工作。^不恕橙恕;;;;;;;;;;;;x;x
dissolution_of_the_third_international_title;解散第三H;;;;;;;;;;;;x
dissolution_of_the_third_international_desc;我已Q定，列那些愚昧的支持者於^低的位置更加有用。所以他F在遵哪斯科的指示自Q自己K未遵撵赌斯科的指示。;;;;;;;;;;;;x  
stab_in_the_back_title;背後u;;;;;;;;;;;;x
stab_in_the_back_desc;意大利I人向美保C^他渴望和平，但是意大利政府F在已x窳吮３炙^“作鸬淖杂伞保手持匕首谋翅嵬绷肃居一刀。一些到F在抱有明@eX的美人依然放心地容S美成@个武力M行的世界上唯一的孤u。;;;;;;;;;;;;x
unlimted_national_emergency_title;全M入o限期o急B;;;;;;;;;;;;x
unlimted_national_emergency_desc;今晚我l崖明，全M入o限期o急B，同r命令以我家力量的O限砑防。;;;;;;;;;;;;x
day_of_infamy_title;u日;;;;;;;;;;;;x;x
day_of_infamy_desc;今天是u辱的一天，美利院闲\遭到了突然而又早有A\的M攻。;;;;;;;;;;;;x;x
popular_front_title;人民Q;;;;;;;;;;;;x
popular_front_desc;我不忘1934年2月6日的夜晚。我K於碛辛艘桓雎合左翼的政府，我新的诠しò⒅伟K受p的左翼Ko法砀好的秩序。;;;;;;;;;;;;x
shame_of_defeat_title;〉u辱;;;;;;;;;;;;x;x
shame_of_defeat_desc;法已。@u辱深深烙入我的`魂。F在正是集合所有真正的法m西人加入我事I的r刻。法是可以K⒁欢ㄖ亟ǖ摹７抵抗\拥拇蠡⒂啦幌纭;;;;;;;;;;;;x;x
liberation_title;解放;;;;;;;;;;;;x;x
liberation_desc;感x自由法\幽切┎嗯力的人，他SM了法依然存在的粝耄我已做好〉u辱M行统稹７ㄌm西⒃俅吾绕稹;;;;;;;;;;;;x;x
its_our_time_title;@是我的r代;;;;;;;;;;;;x;x
its_our_time_desc;F在正是意大利F自己野心的r刻。我HH需要一cc亡就能在和平h上@得一个鹗康南位。;;;;;;;;;;;;x;x
eight_million_bayonets_title;八百f刺刀;;;;;;;;;;;;x
eight_million_bayonets_desc;L久以砣世界都嘲笑着所^意大利碛邪税偃f刺刀保o家的f法。意大利⒏嬖V全世界@K不HH是F的宣鳌;;;;;;;;;;;;x
trains_run_on_time_title;列庶c;;;;;;;;;;;;x
trains_run_on_time_desc;m然看起砗馨档，但住至少我的列庶c\行;;;;;;;;;;;;x
tora_tora_title;虎虎虎;;;;;;;;;;;;x;x
tora_tora_desc;日本帝的人已浜天皇而稹Ｋ已在白m提出和平l件。;;;;;;;;;;;;x
kamikaze_title;神L特攻;;;;;;;;;;;;x
kamikaze_desc;S着橙私咏日出之的I地，我必用一切可能的手段肀Ｐl至高o上的天皇陛下。;;;;;;;;;;;;x
the_finest_hour;最x煌的r刻;;;;;;;;;;;;x;x
the_finest_hour_desc;我的法盟友已崩⒘耍但我最K必倮。;;;;;;;;;;;;x;x
revenge;统;;;;;;;;;;;;x;x
revenge_desc;德已浜Ψ和s淼男呷柽M行统稹Ｋ士飧甙骸⒑狼槿f丈。;;;;;;;;;;;;x;x
german_destiny;德的命\;;;;;;;;;;;;x;x
german_destiny_desc;德知道F在正是了德的命\而^Y的r刻。部已做好了湟酝瓿伤的。;;;;;;;;;;;;x;x
german_defence;德防R;;;;;;;;;;;;x;x
german_defence_desc;ro法倮，但是_J@取的新武器硇判K^不退後。;;;;;;;;;;;;x;x
rodina;祖;;;;;;;;;;;;x;x
rodina_desc;起戆啥砹_斯人民，祖正於危U中。;;;;;;;;;;;;x;x
patrotic_war;ゴ蟮男l;;;;;;;;;;;;x;x
patrotic_war_desc;每一个KS埃公民都MM以_保⒎ㄎ魉骨致哉敉;;;;;;;;;;;;x;x
love_of_freedom;自由之;;;;;;;;;;;;x
love_of_freedom_desc;我呼n努力、勇狻奚、奉I。由於ψ杂傻郏所有@些都得可能。;;;;;;;;;;;;x
the_nation_expects;家期望;;;;;;;;;;;;x
the_nation_expects_desc;家期望每一个人都毫o保留、毫o自私、毫o岩傻孕盼的民主⑷〉米钺岬倮。;;;;;;;;;;;;x
infamous_day;u日;;;;;;;;;;;;x;x
infamous_day_desc;美利缘拿扛瞿腥恕⑴人和孩子都已做好浔M到自己的任。;;;;;;;;;;;;x;x
shamed;u辱;;;;;;;;;;;;x;x
shamed_desc;菲利普・德・W特克克逃x法後，通^西班牙和葡萄牙到_了里斯本的英大使^，了姆ㄌm西的真正橙恕―S希政府――的威{中保o家人，他改名勒克R。他是Q意椭自由法的\多英雄人物之一。;;;;;;;;;;;;x;x
liberation_soon;解放;;;;;;;;;;;;x;x
liberation_soon_desc;法m西的孩子正在]舞着旗茫我必_保他已@得了足虻难b湟酝瓿伤的。;;;;;;;;;;;;x;x
our_time;我的r代;;;;;;;;;;;;x;x
our_time_desc;人已做好即⒌淼难杆倮做出一定的奚。;;;;;;;;;;;;x;x
millions_of_bayonets;八百f刺刀;;;;;;;;;;;;x
millions_of_bayonets_desc;F在就是每个意大利男人M其本分以母H傲的r刻了。;;;;;;;;;;;;x 
the_trains;列庶c;;;;;;;;;;;;x
the_trains_desc;我高效的F路系y可以迅速地⒀ao送o我前方的部。;;;;;;;;;;;;x  
tora;虎虎虎;;;;;;;;;;;;x;x
tora_desc;通^@拥鹦g行游⑾魅趺海帝@得一l永久的防RQ。;;;;;;;;;;;;x;x
divine_wind;神L;;;;;;;;;;;;x
divine_wind_desc;我像Ω懂年的蒙古人一橙讼珈逗Ｉ稀;;;;;;;;;;;;x
THEATRE_INVASION;$TARGET$的M攻有一部分$STAGE$l起。;;;;;;;;;;;;x;x
NO_INVASION_PLAN;不在侵入中。;;;;;;;;;;;;x;x
WARGOALTITLE;增加目;;;;;;;;;;;;x;x
WARGOALDESC;增加另外的目艘抗$COUNTRY$;;;;;;;;;;;;x;x
underground;地下抵抗;;;;;;;;;;;;x;x
DFAllied_win;1942年10月1日前控制塔拉布R斯;;;;;;;;;;;;x;x
DFAllied_win2;允厮拉布R斯;;;;;;;;;;;;x;x
DFAllied_win3;1942年10月1日後控制塔拉布R斯;;;;;;;;;;;;x;x
DFAllied_win4;1942年10月1日後控制突尼斯;;;;;;;;;;;;x;x
DFAxis_win;控制v山大;;;;;;;;;;;;x;x
DFCross_the_suez;穿^K伊士\河最I_R尼;;;;;;;;;;;;x;x
BBCapture_Den_Hagg;最I海牙;;;;;;;;;;;;x;x
BBCapture_Calais;最I加R;;;;;;;;;;;;x;x
BBControl_Den_Hagg2;保持海牙的控制直到1945年2月1日;;;;;;;;;;;;x;x
BBControl_Calais2;保持加R的控制直到1945年2月1日;;;;;;;;;;;;x;x
FBtake_baki;最I巴;;;;;;;;;;;;x;x
FBtake_rostov;最I_斯托夫;;;;;;;;;;;;x;x
FBtake_sevastopol;最I塞瓦斯托波;;;;;;;;;;;;x;x
FBprotect_stalingrad;碛兴勾罅指窭罩钡1942年12月1日;;;;;;;;;;;;x;x
FBprotect_rostov;碛辛_斯托夫直到1942年12月1日;;;;;;;;;;;;x;x
FBprotect_sevastopol;碛腥瓦斯托波直到1942年12月1日;;;;;;;;;;;;x;x
SCControl_Singapore;最I新加坡;;;;;;;;;;;;x;x
SCControl_Semarang;最I三;;;;;;;;;;;;x;x
SCControl_Manilla;最IR尼拉;;;;;;;;;;;;x;x
SCControl_HongKong;最I香港;;;;;;;;;;;;x;x
SCControl_Semarang2;最I三;;;;;;;;;;;;x;x
SCControl_Guam;重新控制Pu;;;;;;;;;;;;x;x
SCControl_Manilla2;碛旭R尼拉;;;;;;;;;;;;x;x
SCControl_Saigon;最I西;;;;;;;;;;;;x;x
OUCapture_Paris;Z取巴黎;;;;;;;;;;;;x;x
OUCapture_Warsaw;Z取A沙;;;;;;;;;;;;x;x
THEATRE_FORCES;^部;;;;;;;;;;;;x;x
IMMEDIATE_NEEDS;前需求;;;;;;;;;;;;x;x
THEATRE_CURRENT_OBJECTIVES;前目;;;;;;;;;;;;x;x
THEATRE_CURRENT_OPERATION;前;;;;;;;;;;;;x;x
Soviet_claims_FIN;KΨ姨m宣Q主;;;;;;;;;;;;x;x
UNDERGROUND_NOT_AT_WAR;我必於K有地^被最I才能地下抵抗挝;;;;;;;;;;;;x
OUR_GOALS;目:;;;;;;;;;;;;x
GOALS_VS_US;是下列家的目耍;;;;;;;;;;;;x
ELECTION_EFFECT;Y$WHO$We行xe;;;;;;;;;;;;x
LEDGER_STRAT_RES_CONTROL_TOOLTIP_1;Y源控制於;;;;;;;;;;;;x
LEDGER_STRAT_RES_CONTROL_TOOLTIP_2;位於下列省份：;;;;;;;;;;;;x
undeclared_war_one_title;不宣之;;;;;;;;;;;;x;x
undeclared_war_one_desc;管在名x上於中立，但美在1941年依然步地~向{粹德的。在三月署租借法案之後，_斯福y宣雅R近美的大西洋海域“泛美安全^”。在此^域，美海船W洲\船o航。1941年4月10日，美做出了二鹌陂g第一次骋庑，美海尼布拉克逐攻袅舫梁商m的德U艇。;;;;;;;;;;;;x;x
undeclared_war_two_title;U不宣而;;;;;;;;;;;;x;x
undeclared_war_two_desc;向中大西洋U泛美安全^。;;;;;;;;;;;;x;x
undeclared_war_three_title;M一步U不宣而;;;;;;;;;;;;x;x
undeclared_war_three_desc;向|大西洋U泛美安全^。;;;;;;;;;;;;x;x
DIPLO_INFO;信息;;;;;;;;;;;;x
DIPLO_RELATIONS;PS;;;;;;;;;;;;x
DIPLO_WARGOALS;目;;;;;;;;;;;;x
scenarios\Fall_blau\Extra_OOBs\FBGER1.txt;碜鸳Y司令部後淞α咖W的部已到_了Y基oW;;;;;;;;;;;;x;x
scenarios\Fall_blau\Extra_OOBs\FBSOV1.txt;Y第5坦克集FW到_了Y_瓦托夫W，Y第4坦克集FW到_了Y斯大林格勒W，Y第1坦克集FW到_了Y大塔沃洛扎卡W;;;;;;;;;;;;x;x
scenarios\Fall_blau\Extra_OOBs\FBSOV2.txt;Y外卡弗加方面W到_了Y第比利斯W;;;;;;;;;;;;x;x
scenarios\Fall_blau\Extra_OOBs\FBSOV3.txt;t最高指]部已要求所有可用的s往Y_瓦托夫W;;;;;;;;;;;;x;x
scenarios\Fall_blau\Extra_OOBs\FBSOV4.txt;Y第1及第2空後洳筷W已降落在Y_瓦托夫W;;;;;;;;;;;;x;x
scenarios\desert_fox\Extra_OOBs\eng1.txt;增援部已到_Y埃伊斯坎_里W;;;;;;;;;;;;x;x
scenarios\desert_fox\Extra_OOBs\eng2.txt;增援部已到_Y埃伊斯坎_里W;;;;;;;;;;;;x;x
scenarios\desert_fox\Extra_OOBs\eng3.txt;增援部已到_Y埃伊斯坎_里W;;;;;;;;;;;;x;x
scenarios\desert_fox\Extra_OOBs\eng4.txt;增援部已到_Y埃伊斯坎_里W;;;;;;;;;;;;x;x
scenarios\desert_fox\Extra_OOBs\eng5.txt;增援部已到_Y埃伊斯坎_里W;;;;;;;;;;;;x;x
scenarios\desert_fox\Extra_OOBs\eng6.txt;增援部已到_Y埃伊斯坎_里W;;;;;;;;;;;;x;x
scenarios\desert_fox\Extra_OOBs\eng7.txt;增援部已到_Y埃伊斯坎_里W;;;;;;;;;;;;x;x
scenarios\desert_fox\Extra_OOBs\eng8.txt;增援部已到_Y埃伊斯坎_里W;;;;;;;;;;;;x;x
scenarios\desert_fox\Extra_OOBs\eng9.txt;增援部已到_Y埃伊斯坎_里W;;;;;;;;;;;;x;x
scenarios\desert_fox\Extra_OOBs\eng10.txt;增援部已到_Y埃伊斯坎_里W;;;;;;;;;;;;x;x
scenarios\desert_fox\Extra_OOBs\eng11.txt;增援部已到_Y埃伊斯坎_里W;;;;;;;;;;;;x;x
scenarios\desert_fox\Extra_OOBs\eng12.txt;增援部已到_Y埃伊斯坎_里W;;;;;;;;;;;;x;x
scenarios\desert_fox\Extra_OOBs\eng13.txt;增援部已到_Y埃伊斯坎_里W;;;;;;;;;;;;x;x
scenarios\desert_fox\Extra_OOBs\eng14.txt;增援部已到_Y埃伊斯坎_里W;;;;;;;;;;;;x;x
scenarios\desert_fox\Extra_OOBs\eng15.txt;增援部已到_Y埃伊斯坎_里W;;;;;;;;;;;;x;x
scenarios\desert_fox\Extra_OOBs\eng16.txt;增援部已到_Y埃伊斯坎_里W;;;;;;;;;;;;x;x
scenarios\desert_fox\Extra_OOBs\eng17.txt;增援部已到_Y卡_布m卡W;;;;;;;;;;;;x;x
scenarios\desert_fox\Extra_OOBs\eng18.txt;增援部已到_Y卡_布m卡W;;;;;;;;;;;;x;x
scenarios\desert_fox\Extra_OOBs\ger1.txt;增援部已到_Y塔拉布斯W;;;;;;;;;;;;x;x
scenarios\desert_fox\Extra_OOBs\ger2.txt;增援部已到_Y塔拉布斯W;;;;;;;;;;;;x;x
scenarios\desert_fox\Extra_OOBs\ger3.txt;增援部已到_Y塔拉布斯W;;;;;;;;;;;;x;x
scenarios\desert_fox\Extra_OOBs\ger4.txt;增援部已到_Y塔拉布斯W;;;;;;;;;;;;x;x
scenarios\desert_fox\Extra_OOBs\ger5.txt;增援部已到_Y塔拉布斯W;;;;;;;;;;;;x;x
scenarios\desert_fox\Extra_OOBs\ger6.txt;增援部已到_Y塔拉布斯W;;;;;;;;;;;;x;x
scenarios\desert_fox\Extra_OOBs\ger7.txt;增援部已到_Y塔拉布斯W;;;;;;;;;;;;x;x
scenarios\desert_fox\Extra_OOBs\ger8.txt;增援部已到_Y塔拉布斯W;;;;;;;;;;;;x;x
scenarios\desert_fox\Extra_OOBs\ger9.txt;增援部已到_Y塔拉布斯W;;;;;;;;;;;;x;x
scenarios\desert_fox\Extra_OOBs\ger10.txt;增援部已到_Y塔拉布斯W;;;;;;;;;;;;x;x
scenarios\desert_fox\Extra_OOBs\ger11.txt;增援部已到_Y塔拉布斯W;;;;;;;;;;;;x;x
scenarios\desert_fox\Extra_OOBs\ita1.txt;增援部已到_Y塔拉布斯W;;;;;;;;;;;;x;x
scenarios\desert_fox\Extra_OOBs\ita2.txt;增援部已到_Y塔拉布斯W;;;;;;;;;;;;x;x
scenarios\desert_fox\Extra_OOBs\ita3.txt;增援部已到_Y塔拉布斯W;;;;;;;;;;;;x;x
scenarios\desert_fox\Extra_OOBs\ita4.txt;增援部已到_Y塔拉布斯W;;;;;;;;;;;;x;x
scenarios\desert_fox\Extra_OOBs\ita5.txt;增援部已到_Y塔拉布斯W;;;;;;;;;;;;x;x
scenarios\desert_fox\Extra_OOBs\ita6.txt;增援部已到_Y塔拉布斯W;;;;;;;;;;;;x;x
scenarios\desert_fox\Extra_OOBs\ita7.txt;增援部已到_Y塔拉布斯W;;;;;;;;;;;;x;x
scenarios\desert_fox\Extra_OOBs\ita8.txt;增援部已到_Y塔拉布斯W;;;;;;;;;;;;x;x
scenarios\desert_fox\Extra_OOBs\ita9.txt;增援部已到_Y塔拉布斯W;;;;;;;;;;;;x;x
scenarios\desert_fox\Extra_OOBs\ita10.txt;增援部已到_Y塔拉布斯W;;;;;;;;;;;;x;x
headline_theatres;^;;;;;;;;;;;;x;x
THEATRE_THEATRES;^;;;;;;;;;;;;x
THEATRE_ALLIED_THEATRES;盟^;;;;;;;;;;;;x
BUILD;建造;;;;;;;;;;;;x
ASSIGN_SPARE;分配剩N;;;;;;;;;;;;x
NEEDS;需要;;;;;;;;;;;;x
atlantic_coast_region;大西洋Q易^;;;;;;;;;;;;x
pacific_coast_region;太平洋Q易^;;;;;;;;;;;;x
indian_coast_region;印度洋Q易^;;;;;;;;;;;;x
THEATRE_FRONT_PLANNING;前线;;;;;;;;;;;;x
ODDS_DEFEND_GOOD;我守住@个位置不成};;;;;;;;;;;;x
ODDS_DEFEND_AVERAGE;我可以守住@个位置一段rg;;;;;;;;;;;;x
ODDS_DEFEND_BAD;我o法守住@个位置;;;;;;;;;;;;x
ODDS_ATTACK_GOOD;我有信心在攻r耻敉;;;;;;;;;;;;x
ODDS_ATTACK_AVERAGE;我可以l起M攻，但或S需要增援部才能守住新鹣;;;;;;;;;;;;x
ODDS_ATTACK_BAD;我的兵力不足以在一次M攻中有效完成任;;;;;;;;;;;;x
FRONT_TITLE;$FROM$向$TO$推M;;;;;;;;;;;;x
DECLARE_WAR_NAP_LIMIT_DATE;我署了互不侵犯f定，它不能在Y$DATE$W之前撕А;;;;;;;;;;;;x
DECLARE_WAR_NAP_LIMIT_TROOPS_BALANCE;我署了互不侵犯f定K且o法撕В@是因我在境]有足虻牟筷。我需要Y$LIMIT_PERC$%W的部v於境，但我前H有Y$CURR_PERC$%W。;;;;;;;;;;;;x
DECLARE_WAR_NAP_BREAKABLE;我署了互不侵犯f定，但我可以撕它。;;;;;;;;;;;;x
alert_nap_expiry_instant;Y互不侵犯f定r。W;;;;;;;;;;;;x
alert_nap_expiry_delayed;c下列家署了互不侵犯f定：;;;;;;;;;;;;x
alert_nap_expiry_delayed_list_A;G$COUNTRY$W於Y$DATE$W後可以撕;;;;;;;;;;;;x
alert_nap_expiry_delayed_list_B;G$COUNTRY$W前即可撕В但我在境]有足虻牟筷。我需要Y$LIMIT_PERC$%W的部v於境，但我前H有Y$CURR_PERC$%W。;;;;;;;;;;;;x
alert_nap_expiry_delayed_list_C;G$COUNTRY$W前即可撕;;;;;;;;;;;;x
alert_nap_expiry_delayed_list_D;到期rgY$DATE$W。;;;;;;;;;;;;x
alert_nap_expiry_delayed_list_E;所需部比例在Y$DATE$W後⒏淖Y$LIMIT_PERC$%W。;;;;;;;;;;;;x
WARGOAL_EFFECT;增加了目耍$GOAL$;;;;;;;;;;;;x
IS_AT_UNDECLARED_WAR_WITH;ο铝家M行不宣之;;;;;;;;;;;;x
HAS_NO_WAR_GOAL_AGAINST;在]有目说那r下抗;;;;;;;;;;;;x
USE_LEGACY_CAMERA;使用f界面;;;;;;;;;;;;x
OOB_EXPAND_ALL;展_全部;;;;;;;;;;;;x
western_atlantic_region;西大西洋;;;;;;;;;;;;x
central_atlantic_region;中大西洋;;;;;;;;;;;;x
eastern_atlantic_region;|大西洋;;;;;;;;;;;;x
minister_event;部Lo;;;;;;;;;;;;x
minister_event2;<NAME>f交了他的o信，@是由於其主c政府之g的根本性矛盾。;;;;;;;;;;;;x
minister_event3;_除部L;;;;;;;;;;;;x
minister_event4;<name>被lF是u\，所以已被“_除”了;;;;;;;;;;;;x
minister_event5;……被某些人;;;;;;;;;;;;x
MR_pact_title;要求|波m;;;;;;;;;;;;x
MR_pact_desc;波m已投降，是r候提醒德我的f定了;;;;;;;;;;;;x
EVTOPTA1507;遵守f定;;;;;;;;;;;;x
EVTOPTB1507;不遵守f定;;;;;;;;;;;;x
Yalta_name;雅塔h;;;;;;;;;;;;x
Yalta_desc;雅塔h，有r被Q克里米h――其代古h――召_於1945年2月4日至11日，是美、英和K政府首X的一次rh，分e以y富m克林・D・_斯福、首相厮诡D・丘吉c部Lh主席s瑟夫・斯大林代表，h的主要目的是W洲的疳嶂亟M。它特e了重建在中被摧УW洲家的}。其中一主要Y就是要求{粹德ol件投降。疳幔德和柏林都分最I^。;;;;;;;;;;;;x
Convoy_Event_name;完善的\o航;;;;;;;;;;;;x
Convoy_Event_desc;最近碜悦的ao\@著地S富起砹恕;;;;;;;;;;;;x
DFConvoy_Event_name;被破牡倪\o航;;;;;;;;;;;;x
DFConvoy_Event_desc;最近的ao\遭到了耻O大地破模下一次o航\船到_之前ao一直缺乏。;;;;;;;;;;;;x
ADD_UNDECLARED_REGION_EFFECT;在下列地^如果lF耻即l起M攻：;;;;;;;;;;;;x
desperate_defence;一寸山河一寸血;;;;;;;;;;;;x
EVTNAME4500;法的命\;;;;;;;;;;;;x;x
EVTDESC4500;出乎意料地Ψ宣鹨葬幔我必Q定在@中的目恕Ｎ按照v史E最I北部及西部海岸同r一个傀儡政砉芾砟喜^域和殖民地幔;;;;;;;;;;;;x;x
EVTOPTA4500;起硐袷歉龊弥饕;;;;;;;;;;;;x;x
EVTOPTB4500;我Ψ有e的想法;;;;;;;;;;;;x;x
US_pacific_bases_region;美太平洋基地;;;;;;;;;;;;x;x
Alaska_region;阿拉斯加;;;;;;;;;;;;x;x
US_west_coast_cities;西海岸鹇猿鞘;;;;;;;;;;;;x
MODIFIER_THREAT_RESISTANCE;威{度抵抗;;;;;;;;;;;;x
Dutch_east_indies;荷|印度tu;;;;;;;;;;;;x
Singapore_region;新加坡地^;;;;;;;;;;;;x
Hongkong_region;香港;;;;;;;;;;;;x
UK_borneo_region;婆_洲;;;;;;;;;;;;x
ATTEMPT_COUP;L政;;;;;;;;;;;;x
disorganized_soviets;突然u;;;;;;;;;;;;x
COUP_DESC;Ll诱，@⑾耗你在$TARGET$的所有g;;;;;;;;;;;;x
COUP_DESC_DISABLED;他的政h支持度太高;;;;;;;;;;;;x
egypt_and_middle_east;埃及c中|;;;;;;;;;;;;x
caucasus_region;高加索地^;;;;;;;;;;;;x
QUALIFIES_FOR_CABINET;乳w位碛效Y$COUNT$W候x人;;;;;;;;;;;;x
COUP_NOT_ENOUGH_SUPPORT;我的政治盟友力量不足以在$TARGET$l诱;;;;;;;;;;;;x
EVTNAME5057;政府被覆！;;;;;;;;;;;;x;x
EVTDESC5057;外萘Τ梦乳w出F分歧r在我l恿艘淮纬晒Φ恼。今天是我迎砉s新r代的_始！;;;;;;;;;;;;x;x
EVTOPTA5057;我f，g迎我的新霸主;;;;;;;;;;;;x;x
EVTNAME5058;政失;;;;;;;;;;;;x;x
EVTDESC5058;今天我的劝踩部T阻止了一次有外背景的政A\。然，管他@次失×耍但我的政府依然在意R形B方面陷入了危U的分歧。或S是r候清洗一下我的乳w了？;;;;;;;;;;;;x;x
EVTOPTA5058;@o法覆我，我更加大！;;;;;;;;;;;;x;x
the_continuation_war_title;^m;;;;;;;;;;;;x
the_continuation war_desc;冬季的失≈皇切⌒〈煺郏F在德μK的入侵o了我翻P的C。;;;;;;;;;;;;x 
